Date,Time,Title,Category,account,Amount,Currency,Type
01/02/20,56:59.7,Karthik,Bills & Fees,Savings Bank,45,INR,EXPENSE
01/02/20,09:56.0,Juice,Food & Drinks,Cash,40,INR,EXPENSE
01/04/20,25:21.6,Tire,Transport,Cash,10,INR,EXPENSE
01/05/20,57:24.9,Baba,Bills & Fees,Savings Bank,200,INR,EXPENSE
01/13/20,09:08.5,Reward,Bills & Fees,Salary Bank,4,INR,INCOME
01/14/20,07:41.8,Baba,Bills & Fees,Savings Bank,500,INR,EXPENSE
01/18/20,25:39.3,Grocery,Bills & Fees,Salary Bank,30,INR,EXPENSE
01/19/20,25:11.5,Petrol,Transport,Savings Bank,100,INR,EXPENSE
01/21/20,58:59.1,Adjust balance,,Cash,74,INR,EXPENSE
01/25/20,56:52.2,Adjust balance,,Savings Bank,102,INR,EXPENSE
01/25/20,47:08.1,Haircut,Bills & Fees,Savings Bank,152,INR,EXPENSE
01/26/20,46:53.8,Baba,Bills & Fees,Savings Bank,500,INR,EXPENSE
01/29/20,34:25.8,Print,Bills & Fees,Savings Bank,22,INR,EXPENSE
01/30/20,49:38.0,License,Bills & Fees,Savings Bank,300,INR,EXPENSE
01/31/20,48:03.2,Noodles,Food & Drinks,Savings Bank,70,INR,EXPENSE
01/31/20,54:12.6,Adjust balance,,Savings Bank,0,INR,INCOME
01/31/20,53:54.6,Breakfast,Food & Drinks,Cash,30,INR,EXPENSE
02/02/20,53:38.0,Maa,Bills & Fees,Cash,50,INR,EXPENSE
02/04/20,02:44.2,Adjust balance,,Cash,3,INR,EXPENSE
02/05/20,50:27.8,Rent,Bills & Fees,Savings Bank,"3,800.00",INR,EXPENSE
02/05/20,26:20.7,Grocery,Bills & Fees,Cash,171,INR,EXPENSE
02/07/20,26:07.1,Grocery,Bills & Fees,Cash,90,INR,EXPENSE
02/07/20,51:37.3,Adjust balance,,Salary Bank,41,INR,INCOME
02/08/20,50:33.5,Baba,Bills & Fees,Savings Bank,300,INR,EXPENSE
02/08/20,49:26.6,Adjust balance,,Cash,50,INR,EXPENSE
02/09/20,29:24.5,,,Savings Bank,50,INR,EXPENSE
02/11/20,46:15.7,Maa,Bills & Fees,Cash,50,INR,EXPENSE
02/13/20,45:59.4,Breakfast,Food & Drinks,Cash,30,INR,EXPENSE
02/15/20,17:18.5,Breakfast,Food & Drinks,Salary Bank,30,INR,EXPENSE
02/16/20,49:38.3,Netflix,Bills & Fees,Savings Bank,199,INR,EXPENSE
02/16/20,20:57.7,Baba,Bills & Fees,Savings Bank,200,INR,EXPENSE
02/18/20,04:42.4,Lunch,Food & Drinks,Cash,120,INR,EXPENSE
02/19/20,37:19.8,Baba,Bills & Fees,Savings Bank,500,INR,EXPENSE
02/20/20,37:10.7,Recharge,Bills & Fees,Savings Bank,259,INR,EXPENSE
02/26/20,52:37.5,Printouts,Bills & Fees,Salary Bank,13,INR,EXPENSE
02/27/20,27:47.4,Printouts,Bills & Fees,Cash,42,INR,EXPENSE
02/28/20,25:49.0,Biryani 🍚,Food & Drinks,Savings Bank,520,INR,EXPENSE
02/28/20,25:39.3,Breakfast,Food & Drinks,Salary Bank,60,INR,EXPENSE
02/29/20,06:51.0,Baba,Bills & Fees,Savings Bank,"2,000.00",INR,EXPENSE
03/03/20,53:16.9,Adjust balance,,Savings Bank,71,INR,INCOME
03/04/20,30:41.6,Juice,Food & Drinks,Cash,20,INR,EXPENSE
03/04/20,30:35.6,Cab,Transport,Cash,180,INR,EXPENSE
03/09/20,07:00.4,Snacks,Food & Drinks,Cash,30,INR,EXPENSE
03/09/20,06:02.1,Chai,Food & Drinks,Cash,20,INR,EXPENSE
03/11/20,51:00.0,Recharge,Bills & Fees,Savings Bank,266.9,INR,EXPENSE
03/11/20,15:00.8,Curd,Food & Drinks,Cash,25,INR,EXPENSE
03/12/20,13:37.9,Adjust balance,,Cash,30,INR,EXPENSE
03/12/20,12:54.8,Tea,Food & Drinks,Cash,10,INR,EXPENSE
03/14/20,03:54.4,Water,Food & Drinks,Cash,10,INR,EXPENSE
03/15/20,21:47.4,Adjust balance,,Cash,358,INR,EXPENSE
03/18/20,46:47.6,Water,Food & Drinks,Cash,40,INR,EXPENSE
03/21/20,46:14.7,Bus,Transport,Cash,20,INR,EXPENSE
03/23/20,45:25.0,Metro,Transport,Cash,20,INR,EXPENSE
03/23/20,44:58.6,Haldiram,Food & Drinks,Cash,207,INR,EXPENSE
03/24/20,43:37.9,Tickets victoria,Bills & Fees,Cash,100,INR,EXPENSE
03/28/20,43:17.3,Lunch,Food & Drinks,Cash,95,INR,EXPENSE
04/01/20,42:56.4,Ferry,Transport,Cash,50,INR,EXPENSE
04/05/20,42:45.1,Baba,Bills & Fees,Cash,500,INR,EXPENSE
04/06/20,42:09.2,Museum,Bills & Fees,Savings Bank,150,INR,EXPENSE
04/06/20,35:22.5,Bus,Transport,Cash,20,INR,EXPENSE
04/10/20,33:37.9,Metro,Transport,Salary Bank,10,INR,EXPENSE
04/17/20,24:27.1,Grocery,Bills & Fees,Cash,200,INR,EXPENSE
04/17/20,20:46.9,Withdraw,Bills & Fees,Salary Bank,0,INR,TRANSFER
04/18/20,20:10.0,Cab,Transport,Salary Bank,200,INR,EXPENSE
04/22/20,34:00.0,Train,Transport,Salary Bank,20,INR,EXPENSE
04/23/20,42:02.2,Tickets,Bills & Fees,Salary Bank,20,INR,EXPENSE
04/25/20,49:22.5,Maa stuff,Bills & Fees,Salary Bank,240,INR,EXPENSE
04/26/20,26:55.1,Toto,Transport,Salary Bank,20,INR,EXPENSE
04/26/20,20:07.1,Snacks,Food & Drinks,Salary Bank,70,INR,EXPENSE
04/27/20,18:18.6,Adjust balance,,Salary Bank,102,INR,EXPENSE
04/27/20,44:54.1,Snacks,Food & Drinks,Salary Bank,44,INR,EXPENSE
04/29/20,19:55.5,Shaka pola,Bills & Fees,Salary Bank,600,INR,EXPENSE
04/30/20,16:00.0,Tickets,Transport,Salary Bank,40,INR,EXPENSE
05/01/20,39:19.6,Adjust balance,,Salary Bank,60,INR,EXPENSE
05/03/20,30:33.5,Lunch,Food & Drinks,Salary Bank,20,INR,EXPENSE
05/03/20,30:04.6,Recharge,Bills & Fees,Salary Bank,259,INR,EXPENSE
05/05/20,34:00.0,Shave,Bills & Fees,Salary Bank,20,INR,EXPENSE
05/06/20,10:03.4,Water,Food & Drinks,Cash,20,INR,EXPENSE
05/06/20,56:11.1,Tickets,Transport,Cash,260,INR,EXPENSE
05/07/20,22:07.1,Water,Food & Drinks,Cash,20,INR,EXPENSE
05/11/20,07:14.5,Ticket Refund,Bills & Fees,Salary Bank,"1,570.72",INR,INCOME
05/12/20,10:41.3,Lunch,Food & Drinks,Salary Bank,250,INR,EXPENSE
05/13/20,15:33.2,Adjust balance,,Cash,120,INR,EXPENSE
05/14/20,32:32.7,Baba,Bills & Fees,Cash,500,INR,EXPENSE
05/15/20,17:00.0,Cab,Transport,Salary Bank,170,INR,EXPENSE
05/16/20,45:51.0,Snacks,Food & Drinks,Salary Bank,200,INR,EXPENSE
05/17/20,45:35.4,Chotu,Bills & Fees,Cash,500,INR,EXPENSE
05/19/20,45:25.6,Withdraw,Bills & Fees,Salary Bank,0,INR,TRANSFER
05/20/20,45:01.1,Tickets,Bills & Fees,Salary Bank,"1,702.70",INR,EXPENSE
05/21/20,30:01.0,Baba,Bills & Fees,Salary Bank,500,INR,EXPENSE
05/25/20,29:00.0,Petrol,Transport,Cash,100,INR,EXPENSE
05/27/20,29:00.0,Sriya payback,Bills & Fees,Cash,100,INR,INCOME
05/28/20,57:50.6,Petrol,Transport,Salary Bank,100,INR,EXPENSE
05/29/20,22:37.4,Snacks,Food & Drinks,Salary Bank,208.5,INR,EXPENSE
05/30/20,22:05.3,Petrol,Transport,Salary Bank,200,INR,EXPENSE
05/31/20,25:03.6,Chips,Food & Drinks,Salary Bank,10,INR,EXPENSE
05/31/20,26:27.9,Breakfast,Food & Drinks,Salary Bank,30,INR,EXPENSE
06/01/20,26:00.0,Petrol,Transport,Salary Bank,200,INR,EXPENSE
06/02/20,24:00.0,Clothes,Bills & Fees,Salary Bank,799,INR,EXPENSE
06/05/20,21:00.0,Snacks,Food & Drinks,Salary Bank,198.88,INR,EXPENSE
06/06/20,56:40.0,Baba,Bills & Fees,Salary Bank,500,INR,EXPENSE
06/07/20,56:30.8,Snacks,Food & Drinks,Salary Bank,90,INR,EXPENSE
06/08/20,56:18.3,Sriya,Bills & Fees,Salary Bank,100,INR,EXPENSE
06/09/20,56:10.4,Petrol,Transport,Salary Bank,100,INR,EXPENSE
06/09/20,49:15.1,Karthik payback,Bills & Fees,Salary Bank,200,INR,INCOME
06/10/20,48:57.0,Karthik payback,Bills & Fees,Cash,100,INR,INCOME
06/10/20,47:55.3,Grocery,Bills & Fees,Salary Bank,175,INR,EXPENSE
06/11/20,59:14.0,Netflix,Bills & Fees,Savings Bank,200,INR,EXPENSE
06/11/20,55:51.7,Settlement,Bills & Fees,Salary Bank,0,INR,TRANSFER
06/12/20,22:32.9,Salary,Bills & Fees,Salary Bank,"11,688.00",INR,INCOME
06/14/20,29:00.0,Snacks,Food & Drinks,Salary Bank,30,INR,EXPENSE
06/15/20,36:19.5,Adjust balance,,Cash,67,INR,EXPENSE
06/18/20,33:40.3,Chotu,Bills & Fees,Savings Bank,155,INR,EXPENSE
06/18/20,31:51.9,Adjust balance,,Salary Bank,10,INR,EXPENSE
06/18/20,31:24.2,Netflix,Bills & Fees,Salary Bank,199,INR,EXPENSE
06/19/20,31:12.3,Netflix,Bills & Fees,Salary Bank,200,INR,INCOME
06/19/20,30:53.2,,Bills & Fees,Salary Bank,70,INR,INCOME
06/21/20,35:41.8,Baba,Bills & Fees,Salary Bank,200,INR,EXPENSE
06/21/20,36:00.1,Snacks,Food & Drinks,Cash,90,INR,EXPENSE
06/22/20,07:41.2,Goje,Bills & Fees,Savings Bank,300,INR,EXPENSE
06/22/20,04:36.6,Petrol,Transport,Salary Bank,100,INR,EXPENSE
06/24/20,09:00.0,Biryani 🍚,Food & Drinks,Savings Bank,520,INR,EXPENSE
06/30/20,08:00.0,Adjust balance,,Salary Bank,54,INR,EXPENSE
06/30/20,03:00.0,Juice,Food & Drinks,Salary Bank,30,INR,EXPENSE
07/02/20,03:00.0,Petrol,Transport,Salary Bank,100,INR,EXPENSE
07/03/20,01:00.0,Smthng,Bills & Fees,Cash,10,INR,EXPENSE
07/04/20,19:52.0,Pizza,Food & Drinks,Salary Bank,190,INR,EXPENSE
07/05/20,34:31.7,Baba,Bills & Fees,Savings Bank,"1,000.00",INR,EXPENSE
07/06/20,05:25.7,Snacks,Food & Drinks,Salary Bank,35,INR,EXPENSE
07/06/20,27:14.0,Reward,Bills & Fees,Salary Bank,11,INR,INCOME
07/08/20,26:59.0,Breakfast,Food & Drinks,Salary Bank,30,INR,EXPENSE
07/11/20,50:27.9,Shirt,Bills & Fees,Salary Bank,160,INR,EXPENSE
07/12/20,49:47.6,Bus,Transport,Cash,30,INR,EXPENSE
07/12/20,49:32.5,Juice,Food & Drinks,Salary Bank,35,INR,EXPENSE
07/13/20,49:13.7,Withdraw,Bills & Fees,Salary Bank,0,INR,TRANSFER
07/17/20,48:52.9,Auto,Transport,Cash,20,INR,EXPENSE
07/20/20,14:02.3,Recharge,Bills & Fees,Salary Bank,155,INR,EXPENSE
07/21/20,13:48.0,Chotu,Bills & Fees,Salary Bank,500,INR,EXPENSE
07/21/20,09:12.8,Adjust balance,,Salary Bank,56,INR,EXPENSE
07/22/20,08:00.0,Snacks,Food & Drinks,Salary Bank,30,INR,EXPENSE
07/22/20,49:22.7,Shampoo,Bills & Fees,Cash,4,INR,EXPENSE
07/22/20,08:00.0,Petrol,Bills & Fees,Salary Bank,250,INR,EXPENSE
07/23/20,08:00.0,Stationary,Bills & Fees,Salary Bank,20,INR,EXPENSE
07/24/20,20:10.3,Ice cream,Food & Drinks,Salary Bank,20,INR,EXPENSE
07/28/20,19:41.6,Snacks,Food & Drinks,Salary Bank,60,INR,EXPENSE
07/28/20,21:43.1,Lunch,Food & Drinks,Salary Bank,70,INR,EXPENSE
07/29/20,21:34.6,Auto,Transport,Salary Bank,20,INR,EXPENSE
07/30/20,43:00.0,Bus,Transport,Cash,40,INR,EXPENSE
07/31/20,20:00.0,Auto,Transport,Salary Bank,20,INR,EXPENSE
08/01/20,20:00.0,Juice,Food & Drinks,Salary Bank,30,INR,EXPENSE
08/01/20,37:00.0,Printing,Bills & Fees,Salary Bank,555,INR,EXPENSE
08/01/20,48:28.7,Breakfast,Food & Drinks,Salary Bank,30,INR,EXPENSE
08/02/20,32:00.0,Recharge,Bills & Fees,Salary Bank,259,INR,EXPENSE
08/03/20,32:00.0,Internet,Bills & Fees,Salary Bank,470.82,INR,EXPENSE
08/04/20,09:59.1,Juice,Food & Drinks,Salary Bank,10,INR,EXPENSE
08/04/20,09:46.7,Brake,Bills & Fees,Salary Bank,50,INR,EXPENSE
08/04/20,09:35.2,Ice Cream,Food & Drinks,Salary Bank,35,INR,EXPENSE
08/05/20,09:22.6,Petrol,Transport,Salary Bank,100,INR,EXPENSE
08/05/20,07:26.4,Adjust balance,,Cash,40,INR,EXPENSE
08/06/20,08:00.0,Juice,Food & Drinks,Salary Bank,75,INR,EXPENSE
08/08/20,08:00.0,Juice,Food & Drinks,Salary Bank,20,INR,EXPENSE
08/08/20,01:00.3,Tickets,Bills & Fees,Salary Bank,"1,341.80",INR,EXPENSE
08/09/20,00:36.0,Tickets,Bills & Fees,Salary Bank,"1,341.80",INR,EXPENSE
08/13/20,41:26.7,Maggi,Food & Drinks,Salary Bank,14,INR,EXPENSE
08/14/20,12:00.0,Breakfast,Food & Drinks,Salary Bank,30,INR,EXPENSE
08/16/20,11:00.0,Breakfast,Food & Drinks,Salary Bank,30,INR,EXPENSE
08/17/20,52:40.3,Juice,Food & Drinks,Salary Bank,130,INR,EXPENSE
08/18/20,52:10.4,Shawarma 🌯,Food & Drinks,Salary Bank,220,INR,EXPENSE
08/19/20,51:58.7,RtA,Transport,Metro Card,35,INR,EXPENSE
08/20/20,17:35.5,Bus,Transport,Cash,10,INR,EXPENSE
08/21/20,17:02.9,AtR,Transport,Salary Bank,35,INR,EXPENSE
08/21/20,56:02.5,Recharge,Transport,Salary Bank,0,INR,TRANSFER
08/22/20,55:02.4,Juice,Food & Drinks,Cash,10,INR,EXPENSE
08/22/20,54:56.8,Bus,Transport,Cash,20,INR,EXPENSE
08/26/20,54:47.4,RtA,Transport,Metro Card,35,INR,EXPENSE
08/27/20,54:46.7,AtR,Transport,Metro Card,35,INR,EXPENSE
08/27/20,55:00.0,Snacks,Food & Drinks,Salary Bank,30,INR,EXPENSE
08/29/20,40:00.0,Snacks,Food & Drinks,Salary Bank,60,INR,EXPENSE
08/30/20,20:52.3,RtA,Transport,Metro Card,35,INR,EXPENSE
08/31/20,20:51.4,AtR,Transport,Metro Card,35,INR,EXPENSE
09/01/20,04:51.1,Screen,Bills & Fees,Salary Bank,"1,400.00",INR,EXPENSE
09/05/20,04:30.3,Snacks,Food & Drinks,Salary Bank,20,INR,EXPENSE
09/05/20,04:20.0,Breakfast,Food & Drinks,Salary Bank,30,INR,EXPENSE
09/06/20,14:00.0,Juice,Food & Drinks,Salary Bank,80,INR,EXPENSE
09/07/20,14:00.0,Bus,Transport,Cash,10,INR,EXPENSE
09/08/20,13:00.0,RtA,Transport,Metro Card,35,INR,EXPENSE
09/11/20,46:18.4,AtR,Transport,Metro Card,35,INR,EXPENSE
09/11/20,46:14.4,Bus,Transport,Cash,10,INR,EXPENSE
09/11/20,46:21.1,RtA,Transport,Metro Card,35,INR,EXPENSE
09/16/20,46:19.7,AtR,Transport,Metro Card,35,INR,EXPENSE
09/17/20,46:00.0,Shawarma 🌯,Food & Drinks,Salary Bank,120,INR,EXPENSE
09/17/20,45:00.0,Bus,Transport,Cash,10,INR,EXPENSE
09/18/20,16:28.2,Bus,Transport,Cash,10,INR,EXPENSE
09/18/20,15:51.8,Petrol,Bills & Fees,Salary Bank,100,INR,EXPENSE
09/22/20,15:41.8,RtA,Transport,Metro Card,35,INR,EXPENSE
09/22/20,15:40.1,AtR,Transport,Metro Card,35,INR,EXPENSE
09/22/20,43:44.8,Juice,Food & Drinks,Salary Bank,40,INR,EXPENSE
09/23/20,43:34.0,Lunch,Food & Drinks,Salary Bank,100,INR,EXPENSE
09/23/20,28:14.7,Adjust balance,,Salary Bank,80,INR,INCOME
09/25/20,22:18.3,Adjust balance,,Cash,30,INR,EXPENSE
09/27/20,27:00.0,Petrol,Transport,Salary Bank,200,INR,EXPENSE
09/27/20,27:00.0,Medic,Bills & Fees,Salary Bank,20,INR,EXPENSE
09/27/20,26:00.0,Petrol,Transport,Salary Bank,100,INR,EXPENSE
09/29/20,26:00.0,Recharge,Bills & Fees,Salary Bank,266.9,INR,EXPENSE
09/30/20,26:00.0,Petrol,Transport,Salary Bank,50,INR,EXPENSE
10/01/20,59:13.4,Exam Fees,Bills & Fees,Salary Bank,"2,000.00",INR,EXPENSE
10/03/20,59:01.6,Juice,Food & Drinks,Salary Bank,80,INR,EXPENSE
10/04/20,58:52.5,Bus,Transport,Cash,10,INR,EXPENSE
10/07/20,58:47.3,Auto,Transport,Cash,20,INR,EXPENSE
10/07/20,25:00.0,Juice,Food & Drinks,Salary Bank,80,INR,EXPENSE
10/07/20,25:00.0,Snacks,Food & Drinks,Salary Bank,30,INR,EXPENSE
10/08/20,49:29.2,Savings,,Salary Bank,0,INR,TRANSFER
10/08/20,49:07.7,Netflix,Bills & Fees,Salary Bank,199,INR,EXPENSE
10/10/20,46:00.7,Baba,Bills & Fees,Salary Bank,"5,000.00",INR,EXPENSE
10/10/20,01:11.9,Adjust balance,,Salary Bank,30,INR,EXPENSE
10/10/20,00:51.2,Recharge,Bills & Fees,Salary Bank,155,INR,EXPENSE
10/12/20,00:00.4,Juice,Food & Drinks,Salary Bank,60,INR,EXPENSE
10/14/20,59:19.6,Recharge,Transport,Salary Bank,0,INR,TRANSFER
10/15/20,58:54.2,Withdraw,,Salary Bank,0,INR,TRANSFER
10/16/20,57:45.4,RtA,Transport,Cash,35,INR,EXPENSE
10/16/20,50:03.0,AtR,Transport,Metro Card,35,INR,EXPENSE
10/16/20,25:35.8,Water,Food & Drinks,Salary Bank,30,INR,EXPENSE
10/18/20,50:06.8,Salary,Bills & Fees,Salary Bank,"19,367.00",INR,INCOME
10/19/20,49:49.3,Bus,Transport,Cash,10,INR,EXPENSE
10/23/20,49:41.4,AtR,Transport,Salary Bank,35,INR,EXPENSE
10/24/20,49:29.6,RtA,Transport,Salary Bank,35,INR,EXPENSE
10/26/20,03:00.0,Juice,Food & Drinks,Salary Bank,90,INR,EXPENSE
10/27/20,43:47.7,Bus,Transport,Cash,10,INR,EXPENSE
10/27/20,43:40.1,RtA,Transport,Salary Bank,35,INR,EXPENSE
10/27/20,05:51.2,Adjust balance,,Cash,80,INR,EXPENSE
10/28/20,51:18.6,Bus,Transport,Cash,10,INR,EXPENSE
10/29/20,51:06.3,AtR,Transport,Salary Bank,35,INR,EXPENSE
10/30/20,27:48.9,Baba,Bills & Fees,Salary Bank,500,INR,EXPENSE
10/31/20,17:36.6,Breakfast,Food & Drinks,Salary Bank,30,INR,EXPENSE
11/01/20,17:00.0,🍰,Food & Drinks,Salary Bank,100,INR,EXPENSE
11/01/20,17:00.0,Milk,Bills & Fees,Salary Bank,40,INR,EXPENSE
11/02/20,16:00.0,Snacks,Food & Drinks,Salary Bank,90,INR,EXPENSE
11/04/20,15:00.0,Water,Food & Drinks,Salary Bank,60,INR,EXPENSE
11/06/20,07:00.0,Juice,Food & Drinks,Salary Bank,120,INR,EXPENSE
11/07/20,06:00.0,Water,Food & Drinks,Salary Bank,60,INR,EXPENSE
11/09/20,06:00.0,Lunch,Food & Drinks,Salary Bank,100,INR,EXPENSE
11/10/20,05:00.0,Sujith,Bills & Fees,Salary Bank,100,INR,INCOME
11/10/20,05:00.0,Priyanka,Bills & Fees,Salary Bank,300,INR,INCOME
11/12/20,04:00.0,Petrol,Transport,Salary Bank,100,INR,EXPENSE
11/12/20,04:00.0,Juice,Food & Drinks,Salary Bank,49,INR,EXPENSE
11/14/20,04:00.0,Chotu,Bills & Fees,Salary Bank,500,INR,EXPENSE
11/14/20,03:00.0,Snacks,Food & Drinks,Salary Bank,10,INR,EXPENSE
11/14/20,03:00.0,Drink,Food & Drinks,Salary Bank,49,INR,EXPENSE
11/14/20,03:00.0,Lunch,Food & Drinks,Salary Bank,120,INR,EXPENSE
11/15/20,02:00.0,Water,Food & Drinks,Salary Bank,60,INR,EXPENSE
11/15/20,01:00.0,Petrol,Transport,Salary Bank,100,INR,EXPENSE
11/16/20,01:00.0,Snacks,Food & Drinks,Salary Bank,20,INR,EXPENSE
11/16/20,00:00.0,Petrol,Transport,Salary Bank,100,INR,EXPENSE
11/17/20,00:00.0,Shirt,Bills & Fees,Salary Bank,699,INR,EXPENSE
11/20/20,42:04.6,Petrol,Transport,Salary Bank,100,INR,EXPENSE
11/22/20,41:51.8,Petrol,Transport,Salary Bank,50,INR,EXPENSE
11/23/20,41:40.0,Snacks,Food & Drinks,Salary Bank,60,INR,EXPENSE
11/25/20,13:53.5,Team lunch,Food & Drinks,Salary Bank,795,INR,EXPENSE
11/25/20,43:27.2,Bus,Transport,Cash,20,INR,EXPENSE
11/26/20,40:43.8,RtA,Transport,Metro Card,35,INR,EXPENSE
11/27/20,40:43.0,AtR,Transport,Metro Card,35,INR,EXPENSE
11/27/20,43:00.0,Bus,Transport,Cash,10,INR,EXPENSE
11/29/20,41:00.0,RtA,Transport,Metro Card,35,INR,EXPENSE
12/01/20,41:00.0,Bus Pass,Transport,Salary Bank,430,INR,EXPENSE
12/05/20,55:34.1,Recharge,Bills & Fees,Salary Bank,259,INR,EXPENSE
12/05/20,50:23.1,Adjust balance,,Savings Bank,44.02,INR,INCOME
12/06/20,49:49.4,Settlement,,Salary Bank,20,INR,EXPENSE
12/10/20,49:11.2,Adjust balance,,Cash,20,INR,EXPENSE
12/10/20,48:34.1,Bus,Transport,Cash,30,INR,EXPENSE
12/11/20,48:23.0,,Bills & Fees,Cash,30,INR,INCOME
12/12/20,47:21.3,AtR,Transport,Metro Card,35,INR,EXPENSE
12/13/20,47:00.0,Juice,Food & Drinks,Salary Bank,40,INR,EXPENSE
12/14/20,47:00.0,Manchuria,Food & Drinks,Cash,70,INR,EXPENSE
12/14/20,26:07.0,Breakfast,Food & Drinks,Salary Bank,25,INR,EXPENSE
12/16/20,25:59.6,Petrol,Transport,Salary Bank,100,INR,EXPENSE
12/16/20,25:50.7,Tyre,Bills & Fees,Cash,10,INR,EXPENSE
12/16/20,28:32.6,Shirt,Bills & Fees,Salary Bank,799,INR,EXPENSE
12/18/20,28:20.1,Burrito,Food & Drinks,Salary Bank,83,INR,EXPENSE
12/18/20,28:00.0,Sid PayUp,Bills & Fees,Salary Bank,89.52,INR,INCOME
12/20/20,27:48.3,Ice Cream,Food & Drinks,Salary Bank,88.01,INR,EXPENSE
12/20/20,58:00.0,Water,Food & Drinks,Cash,30,INR,EXPENSE
12/22/20,03:00.7,Bus,Transport,Cash,10,INR,EXPENSE
12/23/20,02:45.5,RtA,Transport,Metro Card,35,INR,EXPENSE
12/23/20,02:43.4,AtR,Transport,Metro Card,35,INR,EXPENSE
12/24/20,46:10.1,Snacks,Food & Drinks,Salary Bank,75,INR,EXPENSE
12/25/20,45:14.9,Snacks,Food & Drinks,Salary Bank,130,INR,EXPENSE
12/26/20,36:48.7,,,Cash,5,INR,EXPENSE
12/28/20,06:48.2,Reacharge,,Salary Bank,0,INR,TRANSFER
12/30/20,00:52.5,AtR,Transport,Cash,35,INR,EXPENSE
12/31/20,00:42.3,Withdraw,,Salary Bank,0,INR,TRANSFER
01/01/21,38:52.8,RtA,Transport,Metro Card,35,INR,EXPENSE
01/06/21,09:53.2,Bus,Transport,Cash,10,INR,EXPENSE
01/06/21,09:46.8,AtR,Transport,Metro Card,35,INR,EXPENSE
01/08/21,59:31.0,Bus,Transport,Cash,10,INR,EXPENSE
01/10/21,59:24.0,RtA,Transport,Metro Card,35,INR,EXPENSE
01/10/21,59:21.6,Snacks,Food & Drinks,Salary Bank,60,INR,EXPENSE
01/11/21,38:00.0,Domain,Bills & Fees,Salary Bank,616.32,INR,EXPENSE
01/12/21,55:17.9,AtR,Transport,Metro Card,35,INR,EXPENSE
01/13/21,55:10.6,Bus,Transport,Cash,10,INR,EXPENSE
01/13/21,42:20.0,Breakfast,Food & Drinks,Salary Bank,30,INR,EXPENSE
01/14/21,16:13.1,Bus,Transport,Cash,20,INR,EXPENSE
01/14/21,47:51.1,Recharge,,Salary Bank,0,INR,TRANSFER
01/15/21,47:39.7,RtA,Transport,Metro Card,35,INR,EXPENSE
01/15/21,47:37.0,AtR,Transport,Metro Card,35,INR,EXPENSE
01/17/21,11:12.9,Adjust balance,,Metro Card,40,INR,EXPENSE
01/17/21,03:30.7,RtA,Transport,Metro Card,35,INR,EXPENSE
01/19/21,25:25.7,Adjust balance,,Cash,30,INR,EXPENSE
01/20/21,24:13.6,Adjust balance,,Salary Bank,70.99,INR,EXPENSE
01/24/21,21:51.7,Gym,Bills & Fees,Salary Bank,"1,000.00",INR,EXPENSE
01/26/21,21:38.7,AtR,Transport,Metro Card,35,INR,EXPENSE
01/27/21,10:00.0,Shawarma 🌯,Food & Drinks,Salary Bank,140,INR,EXPENSE
01/27/21,36:18.4,AtR,Transport,Metro Card,35,INR,EXPENSE
01/27/21,36:12.6,Bus,Transport,Cash,10,INR,EXPENSE
01/27/21,17:41.2,Breakfast,Food & Drinks,Salary Bank,30,INR,EXPENSE
01/29/21,17:28.1,Fest,Bills & Fees,Salary Bank,250,INR,EXPENSE
02/02/21,42:00.0,Juice,Food & Drinks,Salary Bank,10,INR,EXPENSE
02/05/21,41:00.0,Bus,Transport,Cash,10,INR,EXPENSE
02/05/21,41:00.0,Juice,Food & Drinks,Salary Bank,30,INR,EXPENSE
02/08/21,40:00.0,Auto,Transport,Cash,20,INR,EXPENSE
02/08/21,25:05.5,Juice,Food & Drinks,Salary Bank,30,INR,EXPENSE
02/09/21,24:56.6,RtA,Transport,Metro Card,35,INR,EXPENSE
02/09/21,22:46.7,Recharge,,Salary Bank,0,INR,TRANSFER
02/11/21,47:42.1,Wow,Bills & Fees,Salary Bank,309.84,INR,EXPENSE
02/11/21,34:22.4,Juice,Food & Drinks,Salary Bank,25,INR,EXPENSE
02/13/21,34:05.8,AtR,Transport,Metro Card,35,INR,EXPENSE
02/16/21,37:47.4,Snacks,Food & Drinks,Salary Bank,75,INR,EXPENSE
02/18/21,43:27.5,Petrol,Bills & Fees,Salary Bank,100,INR,EXPENSE
02/19/21,07:59.5,Stonks,Bills & Fees,Salary Bank,761.44,INR,INCOME
02/20/21,58:09.1,Settlement,,Salary Bank,0,INR,TRANSFER
02/21/21,55:47.3,Maa,Bills & Fees,Salary Bank,"10,000.00",INR,INCOME
02/23/21,25:10.8,Bus,Transport,Cash,10,INR,EXPENSE
02/24/21,23:49.8,AtR,Transport,Metro Card,35,INR,EXPENSE
02/27/21,24:00.0,AtR,Transport,Metro Card,35,INR,EXPENSE
02/28/21,24:00.0,RtA,Transport,Metro Card,35,INR,EXPENSE
03/02/21,24:00.0,Juice,Food & Drinks,Cash,10,INR,EXPENSE
03/02/21,24:00.0,Juice,Food & Drinks,Cash,60,INR,EXPENSE
03/02/21,24:00.0,Chotu,Bills & Fees,Cash,60,INR,INCOME
03/04/21,33:39.9,Bus,Transport,Cash,10,INR,EXPENSE
03/05/21,29:57.0,Netflix,Bills & Fees,Savings Bank,199,INR,EXPENSE
03/05/21,28:27.6,Chotu,Bills & Fees,Savings Bank,"3,000.00",INR,EXPENSE
03/07/21,18:37.1,Bhagwat,Bills & Fees,Cash,100,INR,INCOME
03/07/21,18:27.3,Snacks,Food & Drinks,Salary Bank,160,INR,EXPENSE
03/08/21,09:51.2,Juice,Food & Drinks,Salary Bank,50,INR,EXPENSE
03/09/21,17:56.4,Adjust balance,,Cash,50,INR,EXPENSE
03/09/21,34:00.0,AtR,Transport,Metro Card,35,INR,EXPENSE
03/10/21,34:00.0,Bus,Transport,Cash,10,INR,EXPENSE
03/12/21,00:28.4,Baba,Bills & Fees,Salary Bank,"1,700.00",INR,EXPENSE
03/15/21,58:13.0,Shoes,Bills & Fees,Salary Bank,"2,499.00",INR,EXPENSE
03/15/21,45:00.7,Haircut,Bills & Fees,Salary Bank,150,INR,EXPENSE
03/16/21,09:01.0,Chotu,Bills & Fees,Cash,100,INR,EXPENSE
03/16/21,47:00.0,Snacks,Food & Drinks,Salary Bank,90,INR,EXPENSE
03/17/21,27:48.8,Maa,Bills & Fees,Salary Bank,"13,000.00",INR,EXPENSE
03/17/21,27:39.8,Breakfast,Food & Drinks,Salary Bank,60,INR,EXPENSE
03/18/21,31:59.4,Petrol,Bills & Fees,Salary Bank,100,INR,EXPENSE
03/19/21,58:48.8,Snacks,Food & Drinks,Salary Bank,250,INR,EXPENSE
03/20/21,39:45.4,Settle,,Salary Bank,5,INR,EXPENSE
03/21/21,38:50.6,Salary,Bills & Fees,Salary Bank,"22,700.00",INR,INCOME
03/22/21,38:12.4,Transfer,,Salary Bank,0,INR,TRANSFER
03/22/21,39:26.6,Ice cream,Food & Drinks,Cash,70,INR,EXPENSE
03/22/21,59:58.0,Juice,Food & Drinks,Salary Bank,40,INR,EXPENSE
03/23/21,59:46.1,Auto,Transport,Cash,20,INR,EXPENSE
03/23/21,53:52.9,Bus,Transport,Cash,10,INR,EXPENSE
03/24/21,17:40.0,Bus,Transport,Cash,10,INR,EXPENSE
03/25/21,17:15.5,RtA,Transport,Metro Card,35,INR,EXPENSE
03/26/21,17:13.8,AtR,Transport,Metro Card,35,INR,EXPENSE
03/27/21,17:10.5,Recharge,,Cash,0,INR,TRANSFER
03/28/21,40:59.7,Adjust balance,,Salary Bank,105,INR,EXPENSE
03/29/21,26:42.2,Bus,Transport,Cash,30,INR,EXPENSE
03/30/21,26:34.8,Juice,Food & Drinks,Salary Bank,10,INR,EXPENSE
04/01/21,26:28.6,Snacks,Food & Drinks,Salary Bank,80,INR,EXPENSE
04/02/21,26:21.2,Withdraw,,Salary Bank,0,INR,TRANSFER
04/03/21,26:06.8,RtA,Transport,Metro Card,35,INR,EXPENSE
04/03/21,54:04.0,Baba,Bills & Fees,Salary Bank,500,INR,EXPENSE
04/03/21,09:12.9,Recharge,Bills & Fees,Salary Bank,259,INR,EXPENSE
04/08/21,07:32.3,Maa,Bills & Fees,Salary Bank,"2,000.00",INR,INCOME
04/08/21,05:14.4,Stonks,Bills & Fees,Salary Bank,230,INR,EXPENSE
04/09/21,04:54.3,Petrol,Transport,Salary Bank,200,INR,EXPENSE
04/11/21,44:00.0,RtA,Transport,Metro Card,35,INR,EXPENSE
04/11/21,43:00.0,Snacks,Food & Drinks,Salary Bank,25,INR,EXPENSE
04/12/21,06:00.0,RtA,Transport,Metro Card,35,INR,EXPENSE
04/13/21,06:00.0,Shawarma 🌯,Food & Drinks,Salary Bank,260,INR,EXPENSE
04/18/21,05:26.4,Bus pass,Bills & Fees,Salary Bank,430,INR,EXPENSE
04/19/21,05:00.0,RtA,Transport,Metro Card,35,INR,EXPENSE
04/19/21,03:54.3,Adjust balance,,Cash,110,INR,EXPENSE
04/19/21,40:00.0,Snacks,Food & Drinks,Salary Bank,30,INR,EXPENSE
04/19/21,55:57.3,Rent,Bills & Fees,Salary Bank,"3,800.00",INR,EXPENSE
04/21/21,39:00.0,Juice,Food & Drinks,Salary Bank,40,INR,EXPENSE
04/23/21,39:00.0,Snacks,Food & Drinks,Salary Bank,20,INR,EXPENSE
04/23/21,04:00.0,RtA,Transport,Metro Card,35,INR,EXPENSE
04/24/21,55:00.0,Bike,Transport,Salary Bank,74,INR,EXPENSE
04/27/21,54:00.0,Snacks,Food & Drinks,Salary Bank,105,INR,EXPENSE
04/27/21,53:00.0,Snacks,Food & Drinks,Salary Bank,30,INR,EXPENSE
04/27/21,52:00.0,Bandages,Bills & Fees,Salary Bank,8,INR,EXPENSE
04/30/21,33:34.2,Baba,Bills & Fees,Salary Bank,"2,000.00",INR,EXPENSE
05/02/21,33:12.8,Doc,Bills & Fees,Salary Bank,60,INR,EXPENSE
05/04/21,33:00.1,Juice,Food & Drinks,Salary Bank,90,INR,EXPENSE
05/04/21,32:45.4,Shawarma 🌯,Food & Drinks,Salary Bank,150,INR,EXPENSE
05/06/21,32:28.1,Breakfast,Food & Drinks,Salary Bank,30,INR,EXPENSE
05/07/21,31:00.0,Jalebi,Food & Drinks,Salary Bank,30,INR,EXPENSE
05/07/21,30:00.0,,Bills & Fees,Salary Bank,9,INR,EXPENSE
05/07/21,29:43.5,Baba,Bills & Fees,Salary Bank,"1,000.00",INR,EXPENSE
05/10/21,30:00.0,Juice,Food & Drinks,Salary Bank,10,INR,EXPENSE
05/11/21,29:00.0,Petrol,Transport,Salary Bank,200,INR,EXPENSE
05/11/21,13:57.6,Snacks,Food & Drinks,Salary Bank,10,INR,EXPENSE
05/12/21,12:13.0,Breakfast,Food & Drinks,Salary Bank,30,INR,EXPENSE
05/14/21,36:57.9,Snacks,Food & Drinks,Salary Bank,60,INR,EXPENSE
05/14/21,45:37.9,RtA,Transport,Cash,35,INR,EXPENSE
05/15/21,45:26.1,,,Cash,20,INR,EXPENSE
05/17/21,21:42.3,Adjust balance,,Cash,25,INR,EXPENSE
05/19/21,20:46.6,AtR,Transport,Metro Card,35,INR,EXPENSE
05/22/21,20:39.7,Bus,Transport,Cash,10,INR,EXPENSE
05/23/21,20:28.0,Withdraw,,Salary Bank,0,INR,TRANSFER
05/24/21,20:07.8,Recharge,,Salary Bank,0,INR,TRANSFER
05/24/21,21:26.5,RtA,Transport,Metro Card,35,INR,EXPENSE
05/24/21,21:20.2,Snacks,Food & Drinks,Cash,10,INR,EXPENSE
05/25/21,37:05.8,AtR,Transport,Metro Card,35,INR,EXPENSE
05/25/21,36:57.6,RB 🐂,Food & Drinks,Salary Bank,125,INR,EXPENSE
05/27/21,26:03.5,Baba,Bills & Fees,Salary Bank,"1,000.00",INR,EXPENSE
05/27/21,31:33.8,Netflix,Bills & Fees,Salary Bank,99,INR,EXPENSE
05/29/21,31:15.1,,,Savings Bank,5.53,INR,INCOME
05/30/21,53:13.0,AtR,Transport,Metro Card,35,INR,EXPENSE
05/31/21,53:04.0,Bus,Transport,Cash,10,INR,EXPENSE
05/31/21,31:00.0,RtA,Transport,Metro Card,35,INR,EXPENSE
06/02/21,01:34.9,Snacks,Food & Drinks,Salary Bank,20,INR,EXPENSE
06/02/21,01:24.7,Snacks,Food & Drinks,Salary Bank,25,INR,EXPENSE
06/03/21,01:04.2,RtA,Transport,Cash,35,INR,EXPENSE
06/06/21,29:40.7,AtR,Transport,Metro Card,35,INR,EXPENSE
06/06/21,29:28.9,Baba,Bills & Fees,Cash,80,INR,EXPENSE
06/06/21,41:54.3,Recharge,,Salary Bank,0,INR,TRANSFER
06/09/21,41:00.0,Snacks,Food & Drinks,Salary Bank,60,INR,EXPENSE
06/11/21,40:00.0,Laptop fixes,Bills & Fees,Salary Bank,150,INR,EXPENSE
06/11/21,40:00.0,Juice,Food & Drinks,Salary Bank,100,INR,EXPENSE
06/14/21,40:00.0,Snacks,Food & Drinks,Salary Bank,150,INR,EXPENSE
06/15/21,40:00.0,Cab,Bills & Fees,Salary Bank,419,INR,EXPENSE
06/16/21,39:00.0,Can,Bills & Fees,Salary Bank,476,INR,EXPENSE
06/20/21,39:00.0,Dinner,Bills & Fees,Salary Bank,"2,154.00",INR,EXPENSE
06/20/21,34:01.3,Gym,Bills & Fees,Salary Bank,"1,000.00",INR,EXPENSE
06/22/21,58:00.0,Snacks,Food & Drinks,Salary Bank,60,INR,EXPENSE
06/23/21,54:00.0,AtR,Transport,Metro Card,35,INR,EXPENSE
06/24/21,54:00.0,RtA,Transport,Metro Card,35,INR,EXPENSE
06/26/21,28:51.3,Baba,Bills & Fees,Salary Bank,"5,000.00",INR,EXPENSE
06/27/21,02:30.8,Fancode,Bills & Fees,Salary Bank,599,INR,EXPENSE
06/28/21,16:17.3,Snacks,Food & Drinks,Salary Bank,60,INR,EXPENSE
06/28/21,16:04.8,Salary,,Salary Bank,"22,700.00",INR,INCOME
06/28/21,36:14.8,Adjust balance,,Savings Bank,45.02,INR,EXPENSE
06/28/21,24:37.3,Adjust balance,,Savings Bank,0,INR,INCOME
06/29/21,59:46.4,Petrol,Transport,Savings Bank,100,INR,EXPENSE
07/04/21,06:26.6,Baba,Bills & Fees,Cash,100,INR,EXPENSE
07/04/21,06:19.6,Maa,Bills & Fees,Cash,150,INR,EXPENSE
07/04/21,41:21.3,Bus,Transport,Cash,10,INR,EXPENSE
07/06/21,06:47.6,RtA,Transport,Metro Card,35,INR,EXPENSE
07/07/21,06:40.4,Snacks,Food & Drinks,Savings Bank,60,INR,EXPENSE
07/09/21,15:17.5,AtR,Transport,Cash,35,INR,EXPENSE
07/09/21,36:25.9,Adjust balance,,Cash,15,INR,EXPENSE
07/10/21,14:39.2,Bus,Transport,Cash,10,INR,EXPENSE
07/10/21,14:24.4,RtA,Transport,Metro Card,35,INR,EXPENSE
07/11/21,01:20.7,Shawarma 🌯,Food & Drinks,Savings Bank,140,INR,EXPENSE
07/11/21,11:35.1,Bus,Transport,Cash,10,INR,EXPENSE
07/11/21,11:24.9,Snacks,Food & Drinks,Savings Bank,35,INR,EXPENSE
07/12/21,23:28.6,AtR,Transport,Metro Card,35,INR,EXPENSE
07/13/21,11:00.1,Withdraw,,Savings Bank,0,INR,TRANSFER
07/14/21,25:00.9,Bus,Transport,Cash,10,INR,EXPENSE
07/15/21,24:51.6,Snacks,Food & Drinks,Savings Bank,60,INR,EXPENSE
07/19/21,17:57.5,Recharge,,Savings Bank,0,INR,TRANSFER
07/19/21,18:30.9,Adjust balance,,Savings Bank,940,INR,INCOME
07/23/21,15:19.2,Adjust balance,,Cash,10,INR,EXPENSE
07/23/21,29:25.5,Bus,Transport,Cash,10,INR,EXPENSE
07/24/21,36:00.0,AtR,Transport,Metro Card,35,INR,EXPENSE
07/28/21,35:00.0,RtA,Transport,Metro Card,35,INR,EXPENSE
07/29/21,29:28.2,Baba,Bills & Fees,Cash,200,INR,EXPENSE
08/02/21,29:21.5,Maa,Bills & Fees,Cash,50,INR,EXPENSE
08/06/21,53:19.5,Snacks,Food & Drinks,Cash,50,INR,EXPENSE
08/07/21,20:41.1,Snacks,Food & Drinks,Cash,35,INR,EXPENSE
08/07/21,45:15.6,Snacks,Food & Drinks,Cash,25,INR,EXPENSE
08/08/21,45:08.0,Bus,Transport,Cash,10,INR,EXPENSE
08/09/21,44:59.8,RtA,Transport,Metro Card,35,INR,EXPENSE
08/11/21,30:44.5,Bus,Transport,Cash,10,INR,EXPENSE
08/13/21,30:37.7,AtR,Transport,Metro Card,35,INR,EXPENSE
08/13/21,58:54.4,Bb,Bills & Fees,Savings Bank,50,INR,EXPENSE
08/15/21,12:47.5,Bus,Transport,Cash,10,INR,EXPENSE
08/16/21,12:41.9,RtA,Transport,Metro Card,35,INR,EXPENSE
08/18/21,29:24.6,Stonks,Bills & Fees,Savings Bank,180,INR,EXPENSE
08/20/21,28:31.0,Bus,Transport,Cash,10,INR,EXPENSE
08/21/21,28:21.4,AtR,Transport,Metro Card,35,INR,EXPENSE
08/21/21,43:20.9,Snacks,Food & Drinks,Savings Bank,30,INR,EXPENSE
08/22/21,43:04.9,Bus,Transport,Cash,10,INR,EXPENSE
08/23/21,29:38.6,RtA,Transport,Metro Card,35,INR,EXPENSE
08/24/21,29:28.2,Recharge,Bills & Fees,Savings Bank,259,INR,EXPENSE
08/25/21,01:00.0,Play store,Bills & Fees,Savings Bank,9,INR,EXPENSE
08/27/21,05:45.7,Bus,Transport,Cash,10,INR,EXPENSE
08/29/21,05:34.3,RtA,Transport,Metro Card,35,INR,EXPENSE
09/05/21,48:04.6,AtR,Transport,Metro Card,35,INR,EXPENSE
09/06/21,43:33.5,Bus,Transport,Cash,10,INR,EXPENSE
09/09/21,43:19.8,RtA,Transport,Metro Card,35,INR,EXPENSE
09/09/21,28:13.3,AtR,Transport,Savings Bank,35,INR,EXPENSE
09/09/21,27:55.7,Reacharge,,Savings Bank,0,INR,TRANSFER
09/10/21,09:03.8,Biryani,,Savings Bank,0,INR,TRANSFER
09/11/21,08:52.3,Biryani 🍚,Food & Drinks,Savings Bank,250,INR,EXPENSE
09/11/21,05:06.9,Juice,Food & Drinks,Savings Bank,40,INR,EXPENSE
09/11/21,05:00.4,Snacks,Food & Drinks,Cash,40,INR,EXPENSE
09/11/21,04:50.8,Book,Bills & Fees,Savings Bank,150,INR,EXPENSE
09/15/21,04:34.2,Entry fee,Bills & Fees,Cash,50,INR,EXPENSE
09/16/21,58:49.4,Bus pass,Bills & Fees,Savings Bank,430,INR,EXPENSE
09/16/21,58:38.8,Juice,Food & Drinks,Savings Bank,20,INR,EXPENSE
09/17/21,31:59.0,Adjust balance,,Cash,16,INR,EXPENSE
09/17/21,30:09.9,Adjust balance,,Savings Bank,130,INR,INCOME
09/19/21,56:36.5,RtA,Transport,Metro Card,35,INR,EXPENSE
09/19/21,56:26.4,AtR,Transport,Metro Card,35,INR,EXPENSE
09/19/21,56:00.0,RtA,Transport,Metro Card,35,INR,EXPENSE
09/19/21,33:35.1,Snack,Food & Drinks,Savings Bank,100,INR,EXPENSE
09/20/21,33:27.2,Petrol,Transport,Savings Bank,100,INR,EXPENSE
09/21/21,32:47.1,Petrol,Transport,Savings Bank,100,INR,EXPENSE
09/28/21,11:37.8,RtA,Transport,Metro Card,35,INR,EXPENSE
10/01/21,11:26.4,Recharge,,Savings Bank,0,INR,TRANSFER
10/07/21,11:11.5,AtR,Transport,Metro Card,35,INR,EXPENSE
10/08/21,32:00.0,Bus,Transport,Cash,10,INR,EXPENSE
10/13/21,10:00.0,RtA,Transport,Metro Card,35,INR,EXPENSE
10/13/21,10:00.0,Bus,Transport,Cash,10,INR,EXPENSE
10/13/21,04:06.5,Adjust balance,,Metro Card,2,INR,INCOME
10/16/21,46:45.0,Snacks,Food & Drinks,Savings Bank,130,INR,EXPENSE
10/20/21,18:00.0,Snacks,Food & Drinks,Savings Bank,45,INR,EXPENSE
10/21/21,18:00.0,Auto,Transport,Cash,20,INR,EXPENSE
10/22/21,17:00.0,Snacks,Food & Drinks,Savings Bank,145,INR,EXPENSE
10/24/21,17:00.0,Pants,Bills & Fees,Savings Bank,998,INR,EXPENSE
10/24/21,16:00.0,,,Savings Bank,2,INR,INCOME
10/27/21,44:22.3,Ice cream,Bills & Fees,Savings Bank,102,INR,EXPENSE
10/27/21,48:01.5,Pizza,Food & Drinks,Savings Bank,247,INR,EXPENSE
10/30/21,47:51.7,,,Savings Bank,2,INR,EXPENSE
11/03/21,00:00.0,Shirt,Bills & Fees,Savings Bank,999,INR,EXPENSE
11/04/21,00:00.0,Pant,Bills & Fees,Savings Bank,799,INR,EXPENSE
11/05/21,13:11.2,RtA,Transport,Savings Bank,35,INR,EXPENSE
11/05/21,34:00.0,UPI lite,Bills & Fees,Savings Bank,1,INR,EXPENSE
11/06/21,47:07.1,Bus Pass,Transport,Savings Bank,440,INR,EXPENSE
11/07/21,43:00.0,Baba,Bills & Fees,Savings Bank,"1,000.00",INR,EXPENSE
11/10/21,21:42.3,Withdraw,,Savings Bank,0,INR,TRANSFER
11/15/21,21:25.9,Snacks,Food & Drinks,Savings Bank,90,INR,EXPENSE
11/16/21,21:18.3,Exam,Bills & Fees,Savings Bank,400,INR,EXPENSE
11/17/21,20:10.1,Adjust balance,,Cash,40,INR,EXPENSE
11/18/21,19:20.9,Stonks,Bills & Fees,Savings Bank,4.45,INR,INCOME
11/18/21,15:18.5,Baba birthday,Bills & Fees,Savings Bank,839,INR,EXPENSE
11/19/21,49:08.6,Auto,Transport,Savings Bank,20,INR,EXPENSE
11/21/21,57:54.1,Baba,Bills & Fees,Savings Bank,"2,000.00",INR,EXPENSE
11/21/21,58:00.0,Petrol,Transport,Savings Bank,200,INR,EXPENSE
11/21/21,58:00.0,Book,Bills & Fees,Savings Bank,299,INR,EXPENSE
11/23/21,40:10.0,Netflix,Bills & Fees,Savings Bank,99,INR,EXPENSE
11/26/21,40:02.9,Snacks,Food & Drinks,Savings Bank,40,INR,EXPENSE
11/27/21,56:00.0,Petrol,Bills & Fees,Savings Bank,100,INR,EXPENSE
11/28/21,49:46.3,Chotu,Bills & Fees,Savings Bank,100,INR,EXPENSE
12/01/21,49:36.6,Gym,Bills & Fees,Savings Bank,"1,000.00",INR,EXPENSE
12/02/21,33:53.2,Milk,Bills & Fees,Savings Bank,88,INR,EXPENSE
12/03/21,33:38.1,Petrol,Transport,Savings Bank,100,INR,EXPENSE
12/03/21,29:10.3,Sid,Bills & Fees,Savings Bank,200,INR,EXPENSE
12/08/21,29:03.4,Baba,Bills & Fees,Savings Bank,"5,000.00",INR,EXPENSE
12/09/21,04:16.7,Snacks,Food & Drinks,Savings Bank,60,INR,EXPENSE
12/09/21,04:07.0,Chotu,Bills & Fees,Savings Bank,100,INR,INCOME
12/11/21,03:56.5,Petrol,Bills & Fees,Savings Bank,100,INR,EXPENSE
12/12/21,03:25.8,Salary,Bills & Fees,Savings Bank,"22,700.00",INR,INCOME
12/13/21,24:24.0,Baba,Bills & Fees,Savings Bank,100,INR,EXPENSE
12/13/21,24:15.5,Sid,Bills & Fees,Savings Bank,200,INR,INCOME
12/15/21,24:07.3,Oil,Bills & Fees,Savings Bank,100,INR,EXPENSE
12/15/21,23:00.0,Baba,Bills & Fees,Savings Bank,100,INR,INCOME
12/16/21,23:00.0,RtA,Transport,Savings Bank,35,INR,EXPENSE
12/19/21,38:05.9,Tire,Bills & Fees,Savings Bank,700,INR,EXPENSE
12/20/21,10:47.1,Adjust balance,,Cash,26,INR,INCOME
12/20/21,37:00.0,Petrol,Bills & Fees,Savings Bank,250,INR,EXPENSE
12/23/21,37:00.0,Noodles,Food & Drinks,Savings Bank,60,INR,EXPENSE
12/24/21,36:00.0,Xerox,Bills & Fees,Savings Bank,5,INR,EXPENSE
12/26/21,35:00.0,Xerox,Bills & Fees,Savings Bank,27,INR,EXPENSE
12/28/21,33:00.0,Snacks,Food & Drinks,Savings Bank,50,INR,EXPENSE
12/31/21,33:31.8,Snacks,Food & Drinks,Savings Bank,120,INR,EXPENSE
01/01/22,32:00.0,AtR,Transport,Savings Bank,35,INR,EXPENSE
01/03/22,47:05.7,Adjust Balance,,Savings Bank,1,INR,EXPENSE
01/03/22,46:24.2,License,Bills & Fees,Savings Bank,300,INR,EXPENSE
01/03/22,46:00.0,Snacks,Food & Drinks,Savings Bank,115,INR,EXPENSE
01/04/22,45:00.0,Grand original,Bills & Fees,Savings Bank,30,INR,EXPENSE
01/05/22,25:27.6,Shampoo,Bills & Fees,Savings Bank,4,INR,EXPENSE
01/06/22,25:14.1,Haircut,Bills & Fees,Savings Bank,150,INR,EXPENSE
01/08/22,26:59.4,Recharge,Bills & Fees,Savings Bank,259,INR,EXPENSE
01/09/22,48:40.4,Auto,Transport,Cash,20,INR,EXPENSE
01/13/22,10:38.8,Auto,Transport,Cash,20,INR,EXPENSE
01/13/22,07:00.0,Snacks,Food & Drinks,Savings Bank,111,INR,EXPENSE
01/14/22,46:00.0,Juice,Food & Drinks,Savings Bank,20,INR,EXPENSE
01/16/22,46:00.0,Shawarma 🌯,Food & Drinks,Savings Bank,130,INR,EXPENSE
01/16/22,36:47.1,Bike,Transport,Savings Bank,30,INR,EXPENSE
01/18/22,41:55.7,Auto,Transport,Cash,20,INR,EXPENSE
01/18/22,22:09.1,Rent,Bills & Fees,Savings Bank,"3,500.00",INR,EXPENSE
01/21/22,32:43.6,Juice,Food & Drinks,Savings Bank,75,INR,EXPENSE
01/21/22,33:00.0,Recharge,Bills & Fees,Savings Bank,0.9,INR,EXPENSE
01/22/22,08:57.8,Snack,Transport,Savings Bank,30,INR,EXPENSE
01/23/22,32:00.0,Snacks,Bills & Fees,Savings Bank,60,INR,EXPENSE
01/24/22,35:12.7,Auto,Transport,Cash,20,INR,EXPENSE
01/28/22,34:00.0,RtA,Transport,Savings Bank,35,INR,EXPENSE
02/01/22,34:00.0,Burger AM,Food & Drinks,Savings Bank,99,INR,EXPENSE
02/02/22,33:00.0,Breakfast,Food & Drinks,Savings Bank,30,INR,EXPENSE
02/05/22,32:00.0,Aloo bhujia,Food & Drinks,Savings Bank,10,INR,EXPENSE
02/05/22,38:04.5,Adjust balance,,Cash,16,INR,INCOME
02/06/22,36:59.6,Something,,Cash,5,INR,EXPENSE
02/08/22,36:32.6,Stonks,Bills & Fees,Savings Bank,400,INR,EXPENSE
02/08/22,53:59.6,Bus,Transport,Cash,10,INR,EXPENSE
02/09/22,53:57.7,AtR,Transport,Metro Card,35,INR,EXPENSE
02/10/22,00:50.5,AtR,Transport,Metro Card,35,INR,EXPENSE
02/10/22,53:00.0,Auto,Transport,Savings Bank,20,INR,EXPENSE
02/10/22,55:44.5,Sid PayUp,Bills & Fees,Savings Bank,200,INR,EXPENSE
02/10/22,14:56.3,Adjust balance,,Savings Bank,50.22,INR,EXPENSE
02/11/22,14:18.3,Adjust balance,,Cash,20,INR,EXPENSE
02/14/22,12:08.6,Sid PayUp,Bills & Fees,Savings Bank,200,INR,INCOME
02/17/22,11:43.7,RtA,Transport,Savings Bank,35,INR,EXPENSE
02/17/22,11:33.2,Recharge,,Savings Bank,0,INR,TRANSFER
02/17/22,50:35.8,Bus,Transport,Cash,20,INR,EXPENSE
02/17/22,14:26.7,Payup,Food & Drinks,Savings Bank,280,INR,EXPENSE
02/18/22,13:22.4,Scholarship,Bills & Fees,Savings Bank,40,INR,EXPENSE
02/21/22,06:54.5,Juice,Food & Drinks,Cash,25,INR,EXPENSE
02/22/22,14:00.0,Gala nyt,Bills & Fees,Savings Bank,600,INR,EXPENSE
02/22/22,13:00.0,Parking,Bills & Fees,Savings Bank,15,INR,EXPENSE
02/25/22,12:00.0,Stationary,Bills & Fees,Savings Bank,72,INR,EXPENSE
02/27/22,41:20.5,Auto,Transport,Cash,20,INR,EXPENSE
03/01/22,44:42.3,Bus,Transport,Cash,10,INR,EXPENSE
03/02/22,44:31.1,Auto,Transport,Cash,20,INR,EXPENSE
03/04/22,45:08.3,Snacks,Food & Drinks,Savings Bank,60,INR,EXPENSE
03/05/22,49:57.7,Auto,Transport,Cash,20,INR,EXPENSE
03/07/22,57:39.5,Auto,Transport,Cash,20,INR,EXPENSE
03/07/22,57:29.4,Snacks,Food & Drinks,Savings Bank,50,INR,EXPENSE
03/12/22,58:55.8,Auto,Transport,Savings Bank,20,INR,EXPENSE
03/14/22,58:47.8,Bus,Transport,Cash,10,INR,EXPENSE
03/17/22,09:11.9,Cake,Food & Drinks,Savings Bank,300,INR,EXPENSE
03/17/22,09:01.1,Party,Bills & Fees,Savings Bank,350,INR,EXPENSE
03/18/22,34:17.4,Breakfast,Food & Drinks,Savings Bank,30,INR,EXPENSE
03/18/22,53:02.5,Goje Payback,Bills & Fees,Savings Bank,30,INR,INCOME
03/18/22,52:52.8,Snacks,Food & Drinks,Savings Bank,100,INR,EXPENSE
03/20/22,52:35.0,Help,,Cash,0,INR,TRANSFER
03/20/22,07:45.8,Bus,Transport,Cash,10,INR,EXPENSE
03/22/22,07:44.9,Auto,Transport,Cash,20,INR,EXPENSE
03/23/22,03:08.4,Salary,Bills & Fees,Savings Bank,"3,130.00",INR,INCOME
03/23/22,47:55.7,Breakfast,Food & Drinks,Savings Bank,30,INR,EXPENSE
03/24/22,44:25.1,Auto,Transport,Savings Bank,20,INR,EXPENSE
03/25/22,44:18.3,Auto,Transport,Cash,20,INR,EXPENSE
03/26/22,22:15.5,Stationary,Bills & Fees,Savings Bank,35,INR,EXPENSE
03/27/22,22:05.1,Bus,Transport,Cash,10,INR,EXPENSE
03/28/22,24:32.5,Snacks,Food & Drinks,Savings Bank,30,INR,EXPENSE
03/28/22,47:33.8,Lunch,Food & Drinks,Savings Bank,70,INR,EXPENSE
03/28/22,53:01.7,Adjust balance,,Cash,45,INR,EXPENSE
03/28/22,34:29.0,Breakfast,Food & Drinks,Savings Bank,35,INR,EXPENSE
03/29/22,00:56.1,Bread,Food & Drinks,Savings Bank,70,INR,EXPENSE
03/29/22,03:22.9,Lunch,Food & Drinks,Savings Bank,220,INR,EXPENSE
03/31/22,48:47.7,Tea,Food & Drinks,Savings Bank,20,INR,EXPENSE
03/31/22,48:41.8,Water,Food & Drinks,Savings Bank,20,INR,EXPENSE
03/31/22,48:34.1,Breakfast,Food & Drinks,Savings Bank,60,INR,EXPENSE
04/01/22,48:28.2,Breakfast,Food & Drinks,Savings Bank,40,INR,EXPENSE
04/01/22,59:00.0,Chicken keema,Food & Drinks,Savings Bank,187.2,INR,EXPENSE
04/01/22,59:00.0,Interest,,Savings Bank,30,INR,INCOME
04/01/22,49:00.0,Breakfast,Food & Drinks,Savings Bank,30,INR,EXPENSE
04/02/22,46:00.0,Coffee,Food & Drinks,Savings Bank,4,INR,EXPENSE
04/02/22,46:00.0,Coffee,Food & Drinks,Cash,10,INR,EXPENSE
04/03/22,02:51.1,Recharge,Bills & Fees,Savings Bank,259,INR,EXPENSE
04/03/22,34:46.6,Snacks,Food & Drinks,Savings Bank,60,INR,EXPENSE
04/04/22,41:28.9,Payup,Bills & Fees,Cash,200,INR,INCOME
04/05/22,41:19.0,Payup,Bills & Fees,Savings Bank,700,INR,INCOME
04/08/22,59:55.1,Auto,Transport,Savings Bank,20,INR,EXPENSE
04/09/22,30:00.0,Ticket refund,Bills & Fees,Savings Bank,170.56,INR,INCOME
04/09/22,28:00.0,Juice,Food & Drinks,Savings Bank,130,INR,EXPENSE
04/10/22,28:00.0,Payup,Food & Drinks,Savings Bank,40,INR,INCOME
04/10/22,27:00.0,Pizza,Food & Drinks,Savings Bank,170,INR,EXPENSE
04/16/22,51:40.9,Tickets,Bills & Fees,Savings Bank,376,INR,EXPENSE
04/18/22,46:46.5,Gift 🎁,Bills & Fees,Savings Bank,"1,550.00",INR,EXPENSE
04/18/22,47:33.9,Stonks Return,Bills & Fees,Savings Bank,83.66,INR,INCOME
04/21/22,19:36.0,Shawarma 🌯,Food & Drinks,Savings Bank,330,INR,EXPENSE
04/22/22,21:25.7,Snacks,Food & Drinks,Savings Bank,55,INR,EXPENSE
04/22/22,55:23.2,Recharge,Bills & Fees,Savings Bank,257.9,INR,EXPENSE
04/24/22,52:20.8,Bus,Transport,Cash,10,INR,EXPENSE
04/24/22,12:40.7,Auto,Transport,Cash,20,INR,EXPENSE
04/29/22,12:37.7,Snacks,Food & Drinks,Savings Bank,35,INR,EXPENSE
04/30/22,42:52.2,Cashback,Bills & Fees,Savings Bank,3,INR,INCOME
05/02/22,20:33.4,Adjust balance,,Cash,300,INR,INCOME
05/02/22,54:15.2,Adjust balance,,Savings Bank,2,INR,INCOME
05/03/22,53:46.7,Weekend,Food & Drinks,Savings Bank,290,INR,EXPENSE
05/05/22,51:00.0,Card maintenance,Bills & Fees,Savings Bank,295,INR,EXPENSE
05/05/22,50:00.0,Bus Pass,Transport,Savings Bank,430,INR,EXPENSE
05/06/22,15:44.8,Auto,Transport,Savings Bank,20,INR,EXPENSE
05/07/22,39:48.4,Goje Payback,Food & Drinks,Cash,30,INR,INCOME
05/07/22,39:38.2,Sid PayUp,Food & Drinks,Savings Bank,40,INR,INCOME
05/07/22,37:53.3,Juice,Food & Drinks,Savings Bank,40,INR,EXPENSE
05/08/22,37:39.9,Snacks,Food & Drinks,Savings Bank,105,INR,EXPENSE
05/08/22,26:55.1,Auto,Transport,Cash,20,INR,EXPENSE
05/09/22,26:48.2,Snacks,Food & Drinks,Cash,70,INR,EXPENSE
05/09/22,56:43.3,Snacks,Food & Drinks,Savings Bank,30,INR,EXPENSE
05/11/22,49:54.3,Biryani,Bills & Fees,Savings Bank,520,INR,EXPENSE
05/13/22,46:42.7,Bus,Transport,Cash,10,INR,EXPENSE
05/13/22,46:33.5,Bus,Transport,Cash,10,INR,EXPENSE
05/14/22,46:31.9,Auto,Transport,Cash,20,INR,EXPENSE
05/19/22,10:27.4,Auto,Transport,Cash,20,INR,EXPENSE
05/19/22,48:36.9,Bus,Transport,Cash,10,INR,EXPENSE
05/20/22,49:22.7,Adjust balance,,Savings Bank,2,INR,EXPENSE
05/20/22,45:25.2,Snacks,Food & Drinks,Savings Bank,30,INR,EXPENSE
05/22/22,22:38.7,Auto,Transport,Savings Bank,20,INR,EXPENSE
05/23/22,22:00.0,Bonda,Food & Drinks,Savings Bank,30,INR,EXPENSE
05/24/22,11:36.6,Snacks,Food & Drinks,Savings Bank,130,INR,EXPENSE
05/24/22,10:41.9,Gpay,Bills & Fees,Savings Bank,25,INR,INCOME
05/25/22,10:06.8,,,Metro Card,2,INR,EXPENSE
05/27/22,23:28.5,Auto,Transport,Cash,20,INR,EXPENSE
05/28/22,33:46.2,Snacks,Food & Drinks,Savings Bank,70,INR,EXPENSE
05/29/22,00:35.7,Adjust balance,,Savings Bank,5,INR,EXPENSE
05/29/22,59:59.2,Printouts,Bills & Fees,Savings Bank,10,INR,EXPENSE
05/30/22,59:45.2,Coke,Food & Drinks,Savings Bank,15,INR,EXPENSE
05/30/22,55:08.2,Adjust balance,,Cash,95,INR,INCOME
05/31/22,59:00.0,Auto,Transport,Savings Bank,20,INR,EXPENSE
06/01/22,55:00.0,Withdraw,,Savings Bank,500,INR,EXPENSE
06/01/22,20:00.0,Auto,Transport,Cash,20,INR,EXPENSE
06/04/22,58:24.5,Adjust balance,,Cash,20,INR,EXPENSE
06/04/22,57:58.5,Bus,Transport,Cash,10,INR,EXPENSE
06/06/22,08:07.9,Bus,Transport,Cash,10,INR,EXPENSE
06/07/22,07:55.1,Help,,Savings Bank,0,INR,TRANSFER
06/07/22,57:00.0,Auto,Transport,Savings Bank,20,INR,EXPENSE
06/11/22,53:19.4,Adjust balance,,Cash,80,INR,INCOME
06/11/22,53:13.0,Auto,Transport,Cash,20,INR,EXPENSE
06/12/22,53:07.5,Bus,Transport,Cash,10,INR,EXPENSE
06/12/22,49:00.0,Bus,Transport,Cash,10,INR,EXPENSE
06/12/22,49:00.0,Auto,Transport,Cash,20,INR,EXPENSE
06/13/22,39:13.7,Snacks,Food & Drinks,Savings Bank,75,INR,EXPENSE
06/17/22,36:59.1,Jalebi,Food & Drinks,Savings Bank,50,INR,EXPENSE
06/17/22,36:41.8,Bus,Transport,Cash,10,INR,EXPENSE
06/18/22,36:34.7,Auto,Transport,Savings Bank,20,INR,EXPENSE
06/19/22,46:32.3,Bus,Transport,Cash,10,INR,EXPENSE
06/20/22,46:23.2,RtA,Transport,Metro Card,35,INR,EXPENSE
06/21/22,07:24.2,Bus,Transport,Cash,20,INR,EXPENSE
06/21/22,47:08.5,Adjust balance,,Cash,10,INR,EXPENSE
06/23/22,51:12.1,Chotu,Bills & Fees,Savings Bank,220,INR,INCOME
06/23/22,52:48.7,AtrR,Transport,Metro Card,35,INR,EXPENSE
06/25/22,34:00.0,RtA,Transport,Metro Card,35,INR,EXPENSE
06/25/22,33:00.0,AtrR,Transport,Metro Card,35,INR,EXPENSE
06/26/22,33:00.0,Bus,Transport,Cash,20,INR,EXPENSE
06/26/22,45:01.3,Biryani 🍚,Food & Drinks,Savings Bank,520,INR,EXPENSE
06/30/22,44:19.7,Shawarma 🌯,Food & Drinks,Savings Bank,140,INR,EXPENSE
07/01/22,53:27.0,Lunch payup,Food & Drinks,Savings Bank,552,INR,EXPENSE
07/02/22,14:04.3,Baba,Bills & Fees,Savings Bank,"10,000.00",INR,EXPENSE
07/04/22,10:05.8,Salary,,Savings Bank,"22,283.00",INR,INCOME
07/04/22,30:53.5,Chotu,Bills & Fees,Savings Bank,20,INR,EXPENSE
07/04/22,29:44.2,Auto,Transport,Cash,20,INR,EXPENSE
07/05/22,32:00.0,Juice,Food & Drinks,Savings Bank,20,INR,EXPENSE
07/06/22,34:00.0,AtrR,Transport,Metro Card,35,INR,EXPENSE
07/13/22,34:00.0,Bus,Transport,Cash,10,INR,EXPENSE
07/17/22,25:51.1,Snacks,Food & Drinks,Savings Bank,30,INR,EXPENSE
07/17/22,30:43.6,Shampoo,Bills & Fees,Savings Bank,4,INR,EXPENSE
07/17/22,27:08.6,Auto,Transport,Cash,20,INR,EXPENSE
07/18/22,28:37.2,Adjust balance,,Savings Bank,19.2,INR,EXPENSE
07/18/22,23:29.5,Exam fees,Bills & Fees,Savings Bank,800,INR,EXPENSE
07/19/22,55:52.2,Snacks,Food & Drinks,Savings Bank,35,INR,EXPENSE
07/20/22,55:00.0,Bus,Transport,Cash,10,INR,EXPENSE
07/22/22,54:00.0,AtrR,Transport,Metro Card,35,INR,EXPENSE
07/25/22,27:00.0,Something,Bills & Fees,Savings Bank,50,INR,EXPENSE
07/27/22,02:47.1,Recharge,,Savings Bank,0,INR,TRANSFER
07/27/22,48:00.0,AtrR,Transport,Metro Card,35,INR,EXPENSE
07/27/22,48:00.0,Bus,Transport,Cash,10,INR,EXPENSE
07/27/22,27:00.0,Curd,Bills & Fees,Savings Bank,46,INR,EXPENSE
07/28/22,26:00.0,Snacks,Food & Drinks,Savings Bank,30,INR,EXPENSE
07/28/22,38:04.7,Bus,Transport,Cash,10,INR,EXPENSE
07/29/22,57:29.0,Chotu pass,Bills & Fees,Savings Bank,200,INR,EXPENSE
07/30/22,04:04.5,AtrR,Transport,Metro Card,35,INR,EXPENSE
07/31/22,14:37.5,Recharge,Bills & Fees,Savings Bank,259,INR,EXPENSE
08/02/22,09:53.8,Bus,Transport,Cash,10,INR,EXPENSE
08/02/22,38:32.0,Maa,Bills & Fees,Cash,50,INR,EXPENSE
08/03/22,16:05.0,AtR,Transport,Metro Card,35,INR,EXPENSE
08/04/22,35:21.1,Adjust balance,,Cash,20,INR,INCOME
08/06/22,33:00.0,Bus pass,Transport,Savings Bank,430,INR,EXPENSE
08/07/22,45:47.4,Auto,Transport,Cash,20,INR,EXPENSE
08/12/22,56:01.8,Bus,Transport,Cash,10,INR,EXPENSE
08/13/22,49:26.2,Withdraw,,Savings Bank,0,INR,TRANSFER
08/15/22,45:38.5,Saman,Bills & Fees,Savings Bank,153,INR,EXPENSE
08/15/22,24:05.6,Bus,Transport,Cash,10,INR,EXPENSE
08/16/22,24:46.8,AtR,Transport,Metro Card,35,INR,EXPENSE
08/16/22,15:38.0,RtA,Transport,Metro Card,35,INR,EXPENSE
08/17/22,13:59.1,Bus,Transport,Cash,10,INR,EXPENSE
08/18/22,13:48.8,Adjust balance,,Cash,20,INR,EXPENSE
08/19/22,26:08.4,AtR,Transport,Metro Card,35,INR,EXPENSE
08/21/22,38:46.2,Recharge,,Savings Bank,0,INR,TRANSFER
08/21/22,43:29.3,AtR,Transport,Savings Bank,35,INR,EXPENSE
08/22/22,46:33.2,Adjust balance,,Savings Bank,13.2,INR,INCOME
08/22/22,40:40.4,Auto,Transport,Cash,20,INR,EXPENSE
08/23/22,49:41.2,Maa,,Cash,20,INR,EXPENSE
08/24/22,50:00.0,Print,Bills & Fees,Savings Bank,100,INR,EXPENSE
08/26/22,50:00.0,AtR,Transport,Savings Bank,35,INR,EXPENSE
08/26/22,21:28.1,Snacks,Food & Drinks,Savings Bank,70,INR,EXPENSE
08/28/22,43:47.6,Clothes,Bills & Fees,Savings Bank,"1,050.00",INR,EXPENSE
08/29/22,43:30.3,Clothes,Bills & Fees,Savings Bank,"1,607.00",INR,EXPENSE
08/30/22,44:13.9,Snacks,Food & Drinks,Savings Bank,105,INR,EXPENSE
08/31/22,41:00.0,Snacks,Food & Drinks,Savings Bank,140,INR,EXPENSE
08/31/22,45:36.9,Bus,Transport,Cash,10,INR,EXPENSE
09/01/22,45:29.5,Auto,Transport,Cash,20,INR,EXPENSE
09/02/22,37:48.4,Haircut,Bills & Fees,Savings Bank,150,INR,EXPENSE
09/03/22,39:38.9,Bus,Transport,Cash,10,INR,EXPENSE
09/03/22,39:27.4,RtA,Transport,Metro Card,35,INR,EXPENSE
09/03/22,39:11.5,AtR,Transport,Metro Card,35,INR,EXPENSE
09/04/22,35:00.0,AtR,Transport,Metro Card,35,INR,EXPENSE
09/04/22,35:00.0,RtA,Transport,Metro Card,35,INR,EXPENSE
09/05/22,35:00.0,Bus,Transport,Cash,10,INR,EXPENSE
09/06/22,46:33.7,RtA,Transport,Metro Card,35,INR,EXPENSE
09/07/22,46:25.5,AtR,Transport,Metro Card,35,INR,EXPENSE
09/08/22,46:12.0,DishTV,Bills & Fees,Savings Bank,220,INR,EXPENSE
09/10/22,43:00.0,Juice,Food & Drinks,Savings Bank,10,INR,EXPENSE
09/11/22,36:02.1,Recharge,,Savings Bank,0,INR,TRANSFER
09/11/22,41:00.0,RtA,Transport,Metro Card,35,INR,EXPENSE
09/12/22,42:39.2,Electricity,Bills & Fees,Savings Bank,774,INR,EXPENSE
09/14/22,31:45.6,AtR,Transport,Metro Card,35,INR,EXPENSE
09/15/22,31:33.4,Rapido,Transport,Savings Bank,44,INR,EXPENSE
09/15/22,23:15.0,AtR,Transport,Metro Card,35,INR,EXPENSE
09/17/22,43:25.0,Maida,Bills & Fees,Savings Bank,25,INR,EXPENSE
09/18/22,44:00.0,Adjust,,Savings Bank,30,INR,EXPENSE
09/19/22,39:41.8,Sid,Food & Drinks,Savings Bank,140,INR,EXPENSE
09/19/22,26:44.7,Printouts,Bills & Fees,Savings Bank,385,INR,EXPENSE
09/21/22,45:00.0,Treat,Food & Drinks,Savings Bank,650,INR,EXPENSE
09/23/22,08:00.0,Chotu,Bills & Fees,Savings Bank,"2,400.00",INR,INCOME
09/26/22,08:00.0,Seminar print,Bills & Fees,Savings Bank,104,INR,EXPENSE
09/26/22,06:00.0,AtR,Transport,Metro Card,35,INR,EXPENSE
09/28/22,43:39.4,Amazon,Bills & Fees,Savings Bank,"1,899.00",INR,EXPENSE
09/29/22,06:00.0,AtR,Transport,Metro Card,35,INR,EXPENSE
09/29/22,10:55.6,Grocery,Bills & Fees,Savings Bank,"2,320.78",INR,EXPENSE
09/30/22,20:37.8,Biryani,Food & Drinks,Savings Bank,520,INR,EXPENSE
10/01/22,21:50.9,Recharge,,Savings Bank,0,INR,TRANSFER
10/02/22,21:35.8,AtR,Transport,Metro Card,35,INR,EXPENSE
10/03/22,21:26.6,Bus,Transport,Cash,10,INR,EXPENSE
10/04/22,21:20.8,Bus,Transport,Cash,10,INR,EXPENSE
10/04/22,30:08.2,Shampoo,Bills & Fees,Savings Bank,4,INR,EXPENSE
10/05/22,31:38.1,Salary,Bills & Fees,Savings Bank,"11,033.00",INR,INCOME
10/08/22,52:07.8,Bus,Transport,Cash,10,INR,EXPENSE
10/10/22,04:30.0,AtR,Transport,Metro Card,35,INR,EXPENSE
10/12/22,21:01.7,Bus,Transport,Cash,20,INR,EXPENSE
10/12/22,38:50.8,Bus,Transport,Cash,20,INR,EXPENSE
10/13/22,11:50.0,Snacks,Food & Drinks,Savings Bank,30,INR,EXPENSE
10/19/22,39:24.5,AtR,Transport,Metro Card,35,INR,EXPENSE
10/19/22,39:13.5,Bus,Transport,Cash,10,INR,EXPENSE
10/20/22,03:33.9,Recharge,,Savings Bank,0,INR,TRANSFER
10/21/22,16:39.1,AtR,Transport,Metro Card,35,INR,EXPENSE
10/22/22,16:27.0,Bus,Transport,Cash,10,INR,EXPENSE
10/23/22,21:17.4,Chotu,Bills & Fees,Savings Bank,200,INR,EXPENSE
10/25/22,19:00.0,Bus,Transport,Cash,10,INR,EXPENSE
10/28/22,09:16.5,Adjust balance,,Metro Card,35,INR,EXPENSE
10/30/22,08:07.0,Adjust balance,,Cash,44,INR,EXPENSE
10/31/22,06:00.9,Nidhish Payup,Bills & Fees,Savings Bank,60,INR,EXPENSE
11/03/22,05:16.2,Recharge,Bills & Fees,Savings Bank,470.82,INR,EXPENSE
11/04/22,04:46.4,Baba,Bills & Fees,Savings Bank,600,INR,INCOME
11/05/22,04:00.0,Biryani 🍚,Food & Drinks,Savings Bank,356,INR,EXPENSE
11/07/22,03:00.0,Maa,Bills & Fees,Savings Bank,200,INR,INCOME
11/07/22,02:00.0,Egg Roll 🌯,Food & Drinks,Savings Bank,140,INR,EXPENSE
11/09/22,01:00.0,Bus Pass 💳,Transport,Savings Bank,440,INR,EXPENSE
11/10/22,00:00.0,Adjust,Bills & Fees,Savings Bank,40,INR,EXPENSE
11/13/22,57:00.0,Rapido 🚲,Transport,Savings Bank,74,INR,EXPENSE
11/14/22,47:00.0,Adjust,Bills & Fees,Savings Bank,10,INR,EXPENSE
11/14/22,45:00.0,Egg roll 🌯,Food & Drinks,Savings Bank,160,INR,EXPENSE
11/15/22,39:00.0,Nidhish Paid,Bills & Fees,Savings Bank,60,INR,INCOME
11/17/22,38:00.0,Recharge,Bills & Fees,Savings Bank,259,INR,EXPENSE
11/17/22,42:40.4,Bus,Transport,Cash,30,INR,EXPENSE
11/18/22,42:27.7,Bus,Transport,Cash,20,INR,EXPENSE
11/19/22,45:00.0,Snacks,Food & Drinks,Savings Bank,30,INR,EXPENSE
11/21/22,54:45.6,Maa,Bills & Fees,Cash,50,INR,EXPENSE
11/22/22,02:43.6,Juice,Food & Drinks,Cash,30,INR,EXPENSE
11/26/22,07:10.1,Auto,Transport,Cash,20,INR,EXPENSE
11/26/22,55:42.6,Bus,Transport,Cash,30,INR,EXPENSE
11/28/22,10:00.0,PtA,Transport,Metro Card,10,INR,EXPENSE
11/28/22,09:00.0,HtP,Transport,Metro Card,35,INR,EXPENSE
12/01/22,07:00.0,AtR,Transport,Metro Card,35,INR,EXPENSE
12/03/22,00:00.0,Bus,Transport,Cash,30,INR,EXPENSE
12/04/22,12:05.3,RtA,Transport,Metro Card,45,INR,EXPENSE
12/05/22,44:54.0,AtR,Transport,Metro Card,35,INR,EXPENSE
12/05/22,59:19.7,Recharge,,Savings Bank,0,INR,TRANSFER
12/07/22,57:27.1,Snacks,Food & Drinks,Cash,30,INR,EXPENSE
12/12/22,56:49.5,Withdraw,,Savings Bank,0,INR,TRANSFER
12/13/22,56:15.8,Bus,Transport,Cash,10,INR,EXPENSE
12/15/22,47:13.2,AtR,Transport,Metro Card,35,INR,EXPENSE
12/16/22,46:36.5,Adjust balance,,Savings Bank,20,INR,INCOME
12/18/22,45:43.5,Recharge,,Savings Bank,0,INR,TRANSFER
12/22/22,06:51.0,Stonks,Bills & Fees,Savings Bank,111,INR,EXPENSE
12/28/22,05:51.7,Bus,Transport,Cash,10,INR,EXPENSE
12/30/22,05:45.3,Bus,Transport,Cash,10,INR,EXPENSE
12/31/22,05:28.3,Metro,Transport,Savings Bank,35,INR,EXPENSE
01/03/23,05:15.6,Chotu,Bills & Fees,Savings Bank,"1,000.00",INR,EXPENSE
01/04/23,05:09.2,Baba,Bills & Fees,Savings Bank,"2,000.00",INR,EXPENSE
01/04/23,31:46.1,Capt. Payment,Bills & Fees,Savings Bank,"5,000.00",INR,INCOME
01/06/23,06:47.6,Adjust balance,,Savings Bank,35,INR,EXPENSE
01/09/23,05:27.5,Adjust balance,,Cash,8,INR,INCOME
01/10/23,54:37.3,Auto,Transport,Cash,20,INR,EXPENSE
01/11/23,28:00.0,Auto,Transport,Cash,20,INR,EXPENSE
01/13/23,18:59.9,Auto,Transport,Cash,20,INR,EXPENSE
01/15/23,36:50.7,Baba,Bills & Fees,Cash,90,INR,INCOME
01/16/23,59:57.0,Auto,Transport,Cash,20,INR,EXPENSE
01/17/23,48:42.7,Bus,Transport,Cash,10,INR,EXPENSE
01/18/23,59:34.0,Baba,Bills & Fees,Savings Bank,500,INR,EXPENSE
01/19/23,06:46.8,Snacks,Food & Drinks,Savings Bank,55,INR,EXPENSE
01/19/23,31:00.0,Auto+Bus,Transport,Cash,30,INR,EXPENSE
01/19/23,35:00.0,Baba,Bills & Fees,Savings Bank,500,INR,EXPENSE
01/19/23,48:55.6,Snacks,Food & Drinks,Savings Bank,70,INR,EXPENSE
01/19/23,01:06.1,Adjust balance,,Cash,4,INR,EXPENSE
01/20/23,30:25.3,Baba,Bills & Fees,Savings Bank,"1,000.00",INR,EXPENSE
01/21/23,34:26.8,Chotu,Bills & Fees,Cash,20,INR,EXPENSE
01/21/23,34:00.0,Auto,Transport,Cash,20,INR,EXPENSE
01/22/23,14:57.9,Sid,Bills & Fees,Savings Bank,40,INR,EXPENSE
01/23/23,39:00.0,Interest,Bills & Fees,Savings Bank,3,INR,INCOME
01/23/23,21:44.0,Snacks,Food & Drinks,Savings Bank,25,INR,EXPENSE
01/23/23,21:22.4,Jalebi,Food & Drinks,Savings Bank,20,INR,EXPENSE
01/24/23,21:05.6,Auto,Transport,Savings Bank,20,INR,EXPENSE
01/24/23,20:59.6,Bus,Transport,Cash,10,INR,EXPENSE
01/24/23,41:00.0,Recharge,Bills & Fees,Savings Bank,259,INR,EXPENSE
01/24/23,47:07.4,Adjust balance,,Savings Bank,20,INR,EXPENSE
01/24/23,46:26.8,Adjust balance,,Cash,40,INR,EXPENSE
01/24/23,45:21.2,Auto,Transport,Cash,20,INR,EXPENSE
01/25/23,45:13.5,Bus,Transport,Cash,10,INR,EXPENSE
01/26/23,23:40.2,Chotu,Bills & Fees,Savings Bank,50,INR,EXPENSE
01/27/23,11:20.2,Auto,Transport,Cash,20,INR,EXPENSE
01/27/23,31:56.0,Advance,,Savings Bank,"3,001.00",INR,INCOME
01/28/23,44:37.9,Auto,Transport,Cash,20,INR,EXPENSE
01/29/23,48:45.8,Prints,Bills & Fees,Savings Bank,5,INR,EXPENSE
01/29/23,48:37.1,Auto,Transport,Cash,20,INR,EXPENSE
01/30/23,48:31.0,Bus,Transport,Cash,10,INR,EXPENSE
01/31/23,48:03.9,Parking,Bills & Fees,Cash,25,INR,EXPENSE
01/31/23,43:22.7,Snacks,Food & Drinks,Savings Bank,30,INR,EXPENSE
02/01/23,42:00.0,Pastry,Food & Drinks,Cash,100,INR,EXPENSE
02/02/23,28:22.8,Transport,Transport,Cash,45,INR,EXPENSE
02/03/23,28:00.8,Bus incident,,Savings Bank,0,INR,TRANSFER
02/06/23,06:00.0,Snacks,Food & Drinks,Savings Bank,30,INR,INCOME
02/07/23,06:00.0,Drink,Transport,Savings Bank,10,INR,EXPENSE
02/07/23,05:00.0,Snacks,Food & Drinks,Savings Bank,60,INR,EXPENSE
02/08/23,59:36.6,Adjust balance,,Cash,10,INR,EXPENSE
02/08/23,58:22.5,Adjust balance,,Savings Bank,30,INR,EXPENSE
02/09/23,55:20.3,Snacks,Food & Drinks,Savings Bank,30,INR,EXPENSE
02/12/23,08:50.8,Sid,Bills & Fees,Savings Bank,56,INR,EXPENSE
02/13/23,08:38.8,Bus,Transport,Cash,10,INR,EXPENSE
02/15/23,09:00.0,Auto,Transport,Cash,20,INR,EXPENSE
02/16/23,11:00.0,Auto,Transport,Cash,20,INR,EXPENSE
02/18/23,50:42.9,Bus,Transport,Cash,10,INR,EXPENSE
02/20/23,50:30.6,Auto,Transport,Cash,20,INR,EXPENSE
02/20/23,50:00.0,Snacks,Food & Drinks,Savings Bank,140,INR,EXPENSE
02/22/23,42:29.0,Auto,Transport,Cash,20,INR,EXPENSE
02/22/23,57:00.0,,,Savings Bank,64,INR,EXPENSE
02/24/23,21:51.4,Withdraw,,Savings Bank,0,INR,TRANSFER
02/26/23,44:49.6,Auto,Transport,Cash,20,INR,EXPENSE
02/26/23,30:38.3,Bus,Transport,Cash,10,INR,EXPENSE
02/26/23,10:20.5,Snacks,Food & Drinks,Cash,30,INR,EXPENSE
02/28/23,53:31.7,Bus,Transport,Cash,10,INR,EXPENSE
03/03/23,53:22.3,Adjust balance,,Cash,20,INR,EXPENSE
03/03/23,53:13.9,Adjust balance,,Savings Bank,"1,040.00",INR,INCOME
03/05/23,22:20.4,Bus,Transport,Cash,10,INR,EXPENSE
03/05/23,55:32.9,Auto,Transport,Cash,20,INR,EXPENSE
03/05/23,24:39.7,Pass,Transport,Cash,430,INR,EXPENSE
03/07/23,59:41.0,Auto,Transport,Cash,20,INR,EXPENSE
03/08/23,59:31.7,Bus,Transport,Cash,30,INR,EXPENSE
03/08/23,59:25.0,Auto,Transport,Cash,20,INR,EXPENSE
03/08/23,59:18.8,Add,Bills & Fees,Cash,50,INR,INCOME
03/08/23,21:05.0,Chotu,Bills & Fees,Cash,10,INR,EXPENSE
03/10/23,45:15.2,Auto,Transport,Cash,20,INR,EXPENSE
03/10/23,00:38.3,Pocket Money,Bills & Fees,Cash,600,INR,INCOME
03/12/23,00:24.2,Bus,Transport,Cash,10,INR,EXPENSE
03/13/23,27:50.7,Auto,Transport,Cash,20,INR,EXPENSE
03/13/23,01:00.0,Stickers,Bills & Fees,Savings Bank,20,INR,EXPENSE
03/13/23,23:31.6,Stationary,Bills & Fees,Savings Bank,50,INR,EXPENSE
03/15/23,22:57.6,Juice,Food & Drinks,Savings Bank,40,INR,EXPENSE
03/15/23,22:40.8,Goje payback,Bills & Fees,Savings Bank,50,INR,INCOME
03/16/23,21:56.2,Samosa,Food & Drinks,Savings Bank,60,INR,EXPENSE
03/16/23,56:23.1,Auto,Transport,Cash,20,INR,EXPENSE
03/18/23,30:57.3,Auto,Transport,Cash,20,INR,EXPENSE
03/18/23,30:53.2,Auto,Transport,Cash,20,INR,EXPENSE
03/21/23,31:00.0,Bus,Transport,Cash,10,INR,EXPENSE
03/22/23,41:09.1,Bus,Transport,Cash,10,INR,EXPENSE
03/23/23,41:00.7,Juice,Food & Drinks,Savings Bank,15,INR,EXPENSE
03/23/23,40:29.7,Auto,Transport,Cash,20,INR,EXPENSE
03/23/23,04:16.4,Bus,Transport,Cash,10,INR,EXPENSE
03/24/23,23:00.0,Auto,Transport,Cash,20,INR,EXPENSE
03/27/23,24:48.0,,,Cash,200,INR,INCOME
03/29/23,00:00.0,Auto,Transport,Cash,20,INR,EXPENSE
03/30/23,11:01.7,Auto,Transport,Cash,20,INR,EXPENSE
03/31/23,26:28.3,Snacks,Food & Drinks,Savings Bank,30,INR,EXPENSE
03/31/23,45:00.0,Auto,Transport,Cash,20,INR,EXPENSE
04/01/23,27:00.0,Bus,Transport,Cash,10,INR,EXPENSE
04/01/23,31:26.4,Auto,Transport,Savings Bank,20,INR,EXPENSE
04/04/23,31:13.0,Auto,Transport,Cash,40,INR,EXPENSE
04/07/23,25:31.6,Snacks,Food & Drinks,Savings Bank,20,INR,EXPENSE
04/08/23,58:29.7,Bus,Transport,Cash,10,INR,EXPENSE
04/09/23,21:44.1,Computer stuff,Bills & Fees,Savings Bank,470,INR,EXPENSE
04/10/23,50:01.8,Goje,,Savings Bank,10,INR,EXPENSE
04/10/23,19:06.6,Auto,Transport,Cash,20,INR,EXPENSE
04/13/23,03:09.7,Bus,Transport,Cash,10,INR,EXPENSE
04/15/23,13:08.5,Shawarma,Food & Drinks,Savings Bank,120,INR,EXPENSE
04/16/23,05:24.0,Adjust balance,,Cash,30,INR,EXPENSE
04/20/23,58:44.6,Bus,Transport,Cash,10,INR,EXPENSE
04/20/23,38:02.6,Bus,Transport,Cash,10,INR,EXPENSE
04/21/23,22:06.5,Bus,Transport,Cash,10,INR,EXPENSE
04/22/23,09:23.5,Auto,Transport,Cash,20,INR,EXPENSE
04/22/23,09:16.4,,,Cash,100,INR,INCOME
04/23/23,55:40.7,Chotu,Bills & Fees,Cash,20,INR,EXPENSE
04/24/23,01:00.0,Something,Bills & Fees,Savings Bank,5,INR,EXPENSE
04/25/23,34:14.6,Recharge,Bills & Fees,Savings Bank,259,INR,EXPENSE
05/02/23,56:14.2,Adjust balance,,Cash,10,INR,EXPENSE
05/02/23,55:50.8,Bus,Transport,Cash,10,INR,EXPENSE
05/03/23,50:33.2,Pocket money,,Savings Bank,"1,000.00",INR,INCOME
05/05/23,50:18.0,Curd,Bills & Fees,Savings Bank,48,INR,EXPENSE
05/05/23,04:43.7,Auto,Transport,Cash,20,INR,EXPENSE
05/05/23,24:00.0,Snacks,Food & Drinks,Savings Bank,80,INR,EXPENSE
05/07/23,04:18.6,Adjust balance,,Savings Bank,10,INR,EXPENSE
05/12/23,03:25.8,Adjust balance,,Metro Card,95,INR,EXPENSE
05/14/23,05:22.0,🖊️,Bills & Fees,Savings Bank,10,INR,EXPENSE
05/14/23,30:17.3,Bus,Transport,Cash,10,INR,EXPENSE
05/14/23,29:43.8,Juice,Food & Drinks,Cash,20,INR,EXPENSE
05/15/23,29:31.6,Snacks,Food & Drinks,Savings Bank,50,INR,EXPENSE
05/15/23,29:17.6,Auto,Transport,Cash,20,INR,EXPENSE
05/16/23,56:25.0,Auto,Transport,Cash,20,INR,EXPENSE
05/17/23,40:49.0,Bus,Transport,Cash,10,INR,EXPENSE
05/18/23,13:37.0,Auto,Transport,Cash,20,INR,EXPENSE
05/19/23,07:10.2,,,Cash,210,INR,INCOME
05/20/23,56:22.7,Pen,Bills & Fees,Savings Bank,10,INR,EXPENSE
05/20/23,15:38.0,,,Savings Bank,84,INR,INCOME
05/20/23,09:08.8,,Food & Drinks,Savings Bank,60,INR,EXPENSE
05/22/23,05:00.0,Goje,Food & Drinks,Savings Bank,20,INR,EXPENSE
05/22/23,05:00.0,Mom,Bills & Fees,Savings Bank,"11,500.00",INR,EXPENSE
05/22/23,03:00.0,Book,Bills & Fees,Savings Bank,180,INR,EXPENSE
05/25/23,05:26.2,,,Savings Bank,0,INR,TRANSFER
05/28/23,04:00.0,Salary,Bills & Fees,Savings Bank,"8,000.00",INR,INCOME
05/29/23,21:34.7,Bus,Transport,Cash,10,INR,EXPENSE
05/29/23,23:56.8,Bus,Transport,Cash,10,INR,EXPENSE
05/30/23,44:46.0,,,Cash,3,INR,INCOME
06/02/23,44:35.6,Bus,Transport,Cash,20,INR,EXPENSE
06/03/23,53:59.3,Maa,,Cash,50,INR,EXPENSE
06/04/23,49:50.1,Bus,Transport,Cash,10,INR,EXPENSE
06/05/23,20:03.9,Juice,Food & Drinks,Savings Bank,20,INR,EXPENSE
06/08/23,19:49.3,Exam fees,Bills & Fees,Savings Bank,800,INR,EXPENSE
06/08/23,21:48.8,Auto,Transport,Cash,20,INR,EXPENSE
06/09/23,21:35.4,Record books,Bills & Fees,Savings Bank,360,INR,EXPENSE
06/09/23,02:03.1,Chotu,,Savings Bank,0,INR,TRANSFER
06/10/23,01:41.7,Adjust,,Cash,60,INR,EXPENSE
06/10/23,01:18.6,Adjust,,Cash,100,INR,EXPENSE
06/13/23,14:57.3,Auto,Transport,Savings Bank,20,INR,EXPENSE
06/15/23,00:00.0,Auto,Transport,Savings Bank,20,INR,EXPENSE
06/16/23,30:00.0,Juice,Food & Drinks,Savings Bank,10,INR,EXPENSE
06/16/23,30:00.0,Snacks,Food & Drinks,Savings Bank,25,INR,EXPENSE
06/17/23,16:08.9,Auto,Transport,Savings Bank,20,INR,EXPENSE
06/17/23,47:36.7,Adjust,,Savings Bank,40,INR,EXPENSE
06/19/23,48:00.0,Juice,Food & Drinks,Savings Bank,20,INR,EXPENSE
06/21/23,04:55.8,Juice,Food & Drinks,Savings Bank,20,INR,EXPENSE
06/22/23,14:12.4,Bus,Transport,Cash,30,INR,EXPENSE
06/22/23,20:58.8,Bus,Transport,Cash,10,INR,EXPENSE
06/23/23,20:00.0,Medic,Bills & Fees,Savings Bank,53.27,INR,EXPENSE
06/25/23,02:43.0,Bus,Transport,Cash,10,INR,EXPENSE
06/25/23,17:20.9,Bus,Transport,Cash,20,INR,EXPENSE
06/25/23,39:15.2,Auto,Transport,Cash,20,INR,EXPENSE
06/26/23,39:06.5,Maa,,Cash,10,INR,EXPENSE
06/30/23,50:56.5,Juice,Food & Drinks,Savings Bank,20,INR,EXPENSE
07/01/23,36:54.7,Auto,Transport,Savings Bank,20,INR,EXPENSE
07/02/23,28:02.3,Adjust,,Cash,7,INR,INCOME
07/05/23,27:49.0,Adjust,,Cash,153,INR,INCOME
07/05/23,13:59.7,Suit,Bills & Fees,Savings Bank,"3,499.00",INR,EXPENSE
07/06/23,47:59.4,Breakfast,Food & Drinks,Savings Bank,30,INR,EXPENSE
07/07/23,05:40.1,Baba payback,,Savings Bank,"1,400.00",INR,EXPENSE
07/07/23,24:27.2,Bus,Transport,Cash,10,INR,EXPENSE
07/10/23,24:15.8,Bus,Transport,Cash,20,INR,EXPENSE
07/10/23,29:10.5,Juice,Food & Drinks,Savings Bank,25,INR,EXPENSE
07/10/23,28:57.0,Auto,Transport,Cash,20,INR,EXPENSE
07/10/23,28:23.1,Auto+Bus,Transport,Cash,50,INR,EXPENSE
07/11/23,57:00.0,Bus,Transport,Cash,10,INR,EXPENSE
07/13/23,00:20.6,Bus,Transport,Cash,10,INR,EXPENSE
07/15/23,26:57.4,Bus,Transport,Cash,10,INR,EXPENSE
07/15/23,27:42.7,Recharge,Bills & Fees,Savings Bank,259,INR,EXPENSE
07/15/23,08:02.6,Shrenik paid,,Savings Bank,150,INR,INCOME
07/15/23,07:32.5,Snacks,Food & Drinks,Savings Bank,100,INR,EXPENSE
07/15/23,15:26.2,Ice cream,Food & Drinks,Savings Bank,30,INR,EXPENSE
07/16/23,15:03.3,OGT paid,,Savings Bank,"2,000.00",INR,INCOME
07/17/23,42:19.4,Chotu,,Cash,10,INR,EXPENSE
07/18/23,28:16.1,Bus pass,Transport,Cash,430,INR,EXPENSE
07/19/23,28:02.5,Withdraw,,Savings Bank,0,INR,TRANSFER
07/19/23,29:54.6,Ice cream,Food & Drinks,Savings Bank,75,INR,EXPENSE
07/20/23,29:36.4,RtA,Transport,Metro Card,35,INR,EXPENSE
07/21/23,46:00.0,Snacks,Food & Drinks,Cash,30,INR,EXPENSE
07/23/23,45:00.0,Bus,Transport,Cash,10,INR,EXPENSE
07/25/23,45:00.0,Withdraw,,Savings Bank,0,INR,TRANSFER
07/26/23,40:00.0,Bus,Transport,Cash,30,INR,EXPENSE
07/27/23,04:00.0,Bus,Transport,Cash,20,INR,EXPENSE
07/27/23,01:02.4,Snacks,Food & Drinks,Cash,30,INR,EXPENSE
07/30/23,22:54.7,Adjust,,Cash,30,INR,INCOME
08/01/23,12:00.0,Sid payUp,,Savings Bank,631,INR,EXPENSE
08/04/23,16:00.0,Payment,,Savings Bank,"8,000.00",INR,INCOME
08/05/23,15:00.0,Juice,Food & Drinks,Savings Bank,40,INR,EXPENSE
08/07/23,15:00.0,Juice,Food & Drinks,Savings Bank,10,INR,EXPENSE
08/07/23,28:00.0,Auto,Transport,Cash,20,INR,EXPENSE
08/09/23,30:17.5,Auto,Transport,Savings Bank,20,INR,EXPENSE
08/09/23,30:00.0,Auto,Transport,Cash,20,INR,EXPENSE
08/10/23,28:47.7,Auto,Transport,Cash,20,INR,EXPENSE
08/10/23,28:32.0,Snacks,Food & Drinks,Cash,15,INR,EXPENSE
08/11/23,50:44.1,Bus: RtG,Transport,Cash,10,INR,EXPENSE
08/16/23,12:00.0,,Transport,Cash,40,INR,INCOME
08/17/23,11:00.0,Bus,Transport,Cash,10,INR,EXPENSE
08/17/23,09:26.9,Bus,Transport,Cash,10,INR,EXPENSE
08/21/23,40:28.8,Auto,Transport,Cash,20,INR,EXPENSE
08/22/23,27:02.2,,Bills & Fees,Savings Bank,8,INR,EXPENSE
08/23/23,26:43.0,Snack,Food & Drinks,Savings Bank,30,INR,EXPENSE
08/25/23,32:04.9,Bus,Transport,Cash,10,INR,EXPENSE
08/27/23,31:50.1,Auto,Transport,Cash,20,INR,EXPENSE
08/30/23,47:04.8,Stonks Return,Bills & Fees,Savings Bank,50.43,INR,INCOME
08/30/23,19:22.9,Goje,Food & Drinks,Cash,40,INR,INCOME
08/30/23,19:02.1,Bonda,Food & Drinks,Savings Bank,70,INR,EXPENSE
08/30/23,35:17.7,Auto,Transport,Cash,20,INR,EXPENSE
09/01/23,12:04.5,RtA,Transport,Metro Card,35,INR,EXPENSE
09/01/23,11:48.6,Bus,Transport,Cash,20,INR,EXPENSE
09/03/23,11:15.9,Bus,Transport,Cash,20,INR,EXPENSE
09/04/23,11:24.0,Withdraw,,Savings Bank,0,INR,TRANSFER
09/04/23,19:23.8,Glasses,Bills & Fees,Savings Bank,5,INR,EXPENSE
09/04/23,19:05.9,Bus,Transport,Cash,10,INR,EXPENSE
09/07/23,28:33.1,Bus,Transport,Cash,20,INR,EXPENSE
09/10/23,36:02.5,,,Cash,10,INR,INCOME
09/11/23,51:41.5,Bus,Transport,Cash,10,INR,EXPENSE
09/11/23,35:26.6,Bus,Transport,Cash,10,INR,EXPENSE
09/12/23,38:00.0,Baba,Bills & Fees,Savings Bank,"1,600.00",INR,EXPENSE
09/12/23,36:18.9,Bus,Transport,Cash,10,INR,EXPENSE
09/13/23,05:46.1,Baba,Bills & Fees,Cash,100,INR,INCOME
09/14/23,05:24.5,Bus,Transport,Cash,10,INR,EXPENSE
09/14/23,05:12.3,Bus: RtG,Transport,Cash,10,INR,EXPENSE
09/14/23,04:53.4,AtR,Transport,Metro Card,35,INR,EXPENSE
09/15/23,25:37.4,Bus,Transport,Cash,10,INR,EXPENSE
09/15/23,25:25.5,Auto,Transport,Cash,20,INR,EXPENSE
09/16/23,25:16.5,Auto,Transport,Cash,20,INR,EXPENSE
09/16/23,04:44.6,Ice cream,Food & Drinks,Savings Bank,98,INR,EXPENSE
09/21/23,04:24.5,Water,Food & Drinks,Savings Bank,30,INR,EXPENSE
09/21/23,03:59.0,Fried rice,Food & Drinks,Cash,80,INR,EXPENSE
09/23/23,03:46.5,Goli soda,Food & Drinks,Savings Bank,49,INR,EXPENSE
09/24/23,59:00.0,Auto,Transport,Savings Bank,20,INR,EXPENSE
09/28/23,18:43.8,Auto,Transport,Cash,20,INR,EXPENSE
09/29/23,19:30.3,RtA,Transport,Metro Card,35,INR,EXPENSE
10/03/23,36:29.2,Juice,Food & Drinks,Savings Bank,20,INR,EXPENSE
10/04/23,42:00.0,Baba sent,,Savings Bank,"3,000.00",INR,INCOME
10/04/23,32:33.0,Bus: RtG,Transport,Cash,10,INR,EXPENSE
10/05/23,32:10.0,BtR,Transport,Metro Card,40,INR,EXPENSE
10/06/23,44:51.8,Metro Recharge,Bills & Fees,Metro Card,200,INR,INCOME
10/08/23,44:42.1,Metro recharge,Bills & Fees,Savings Bank,200,INR,EXPENSE
10/08/23,20:23.6,RtA,Transport,Metro Card,31.5,INR,EXPENSE
10/08/23,08:52.6,Burger AM,Food & Drinks,Savings Bank,99,INR,EXPENSE
10/09/23,42:32.7,Bus: RtG,Transport,Cash,10,INR,EXPENSE
10/09/23,42:19.8,AtR,Transport,Metro Card,35,INR,EXPENSE
10/11/23,54:00.0,Stonks return,Bills & Fees,Savings Bank,130.64,INR,INCOME
10/13/23,42:02.4,RtA,Transport,Metro Card,31.5,INR,EXPENSE
10/14/23,52:19.4,Bus: GtR,Transport,Cash,10,INR,EXPENSE
10/14/23,47:55.7,SQ bands,,Cash,5,INR,EXPENSE
10/15/23,47:34.5,Bus: RtG,Transport,Cash,10,INR,EXPENSE
10/15/23,47:18.4,AtR,Transport,Metro Card,35,INR,EXPENSE
10/16/23,12:24.1,Water,Food & Drinks,Savings Bank,20,INR,EXPENSE
10/17/23,13:25.7,Frooti,Food & Drinks,Savings Bank,30,INR,EXPENSE
10/17/23,16:21.5,Water,Food & Drinks,Cash,30,INR,EXPENSE
10/27/23,53:00.0,FAC,,Savings Bank,30,INR,EXPENSE
10/27/23,03:29.5,Auto,Transport,Cash,20,INR,EXPENSE
10/29/23,50:23.4,Shirt,Bills & Fees,Savings Bank,750,INR,EXPENSE
10/30/23,49:00.0,TO TRANSFER INSUFFICIENT BAL POS DECLINE CHARGE,,Savings Bank,23.6,INR,EXPENSE
10/30/23,59:20.5,Nidhish payup,Bills & Fees,Savings Bank,"1,551.00",INR,INCOME
11/04/23,12:02.2,,Bills & Fees,Savings Bank,"1,109.00",INR,EXPENSE
11/05/23,11:40.1,,Bills & Fees,Savings Bank,"1,398.00",INR,EXPENSE
11/08/23,05:08.5,,Transport,Cash,20,INR,EXPENSE
11/08/23,39:20.5,Mobile,Bills & Fees,Savings Bank,259,INR,EXPENSE
11/08/23,48:32.2,Stonks,,Savings Bank,130,INR,EXPENSE
11/09/23,15:50.7,Change,,Cash,7,INR,INCOME
11/09/23,13:49.3,Sid returns,,Savings Bank,300,INR,INCOME
11/11/23,01:43.2,Init,,Metro Card,139,INR,INCOME
11/11/23,59:50.3,Init,,Savings Bank,"3,525.77",INR,INCOME
11/13/23,58:14.0,Init,,Cash,250,INR,INCOME
11/14/23,24:48.0,,,Cash,200,INR,INCOME
11/14/23,00:00.0,Auto,Transport,Cash,20,INR,EXPENSE
11/15/23,11:01.7,Auto,Transport,Cash,20,INR,EXPENSE
11/17/23,26:28.3,Snacks,Food & Drinks,Savings Bank,30,INR,EXPENSE
11/18/23,45:00.0,Auto,Transport,Cash,20,INR,EXPENSE
11/21/23,27:00.0,Bus,Transport,Cash,10,INR,EXPENSE
11/21/23,31:26.4,Auto,Transport,Savings Bank,20,INR,EXPENSE
11/22/23,31:13.0,Auto,Transport,Cash,40,INR,EXPENSE
11/23/23,25:31.6,Snacks,Food & Drinks,Savings Bank,20,INR,EXPENSE
11/23/23,58:29.7,Bus,Transport,Cash,10,INR,EXPENSE
11/26/23,21:44.1,Computer stuff,Bills & Fees,Savings Bank,470,INR,EXPENSE
11/26/23,50:01.8,Goje,,Savings Bank,10,INR,EXPENSE
11/26/23,19:06.6,Auto,Transport,Cash,20,INR,EXPENSE
11/26/23,03:09.7,Bus,Transport,Cash,10,INR,EXPENSE
11/27/23,13:08.5,Shawarma,Food & Drinks,Savings Bank,120,INR,EXPENSE
11/27/23,05:24.0,Adjust balance,,Cash,30,INR,EXPENSE
11/28/23,58:44.6,Bus,Transport,Cash,10,INR,EXPENSE
11/28/23,38:02.6,Bus,Transport,Cash,10,INR,EXPENSE
11/29/23,14:57.3,Auto,Transport,Savings Bank,20,INR,EXPENSE
12/05/23,00:00.0,Auto,Transport,Savings Bank,20,INR,EXPENSE
12/05/23,30:00.0,Juice,Food & Drinks,Savings Bank,10,INR,EXPENSE
12/06/23,30:00.0,Snacks,Food & Drinks,Savings Bank,25,INR,EXPENSE
12/08/23,16:08.9,Auto,Transport,Savings Bank,20,INR,EXPENSE
12/09/23,47:36.7,Adjust,,Savings Bank,40,INR,EXPENSE
12/09/23,48:00.0,Juice,Food & Drinks,Savings Bank,20,INR,EXPENSE
12/10/23,04:55.8,Juice,Food & Drinks,Savings Bank,20,INR,EXPENSE
12/11/23,14:12.4,Bus,Transport,Cash,30,INR,EXPENSE
12/13/23,20:58.8,Bus,Transport,Cash,10,INR,EXPENSE
12/14/23,20:00.0,Medic,Bills & Fees,Savings Bank,53.27,INR,EXPENSE
12/14/23,02:43.0,Bus,Transport,Cash,10,INR,EXPENSE
12/18/23,17:20.9,Bus,Transport,Cash,20,INR,EXPENSE
12/20/23,39:15.2,Auto,Transport,Cash,20,INR,EXPENSE
12/21/23,39:06.5,Maa,,Cash,10,INR,EXPENSE
12/22/23,50:56.5,Juice,Food & Drinks,Savings Bank,20,INR,EXPENSE
12/23/23,36:54.7,Auto,Transport,Savings Bank,20,INR,EXPENSE
12/25/23,28:02.3,Adjust,,Cash,7,INR,INCOME
12/26/23,27:49.0,Adjust,,Cash,153,INR,INCOME
12/27/23,13:59.7,Suit,Bills & Fees,Savings Bank,"3,499.00",INR,EXPENSE
12/29/23,47:59.4,Breakfast,Food & Drinks,Savings Bank,30,INR,EXPENSE
12/29/23,05:40.1,Baba payback,,Savings Bank,"1,400.00",INR,EXPENSE
12/29/23,24:27.2,Bus,Transport,Cash,10,INR,EXPENSE
01/02/24,24:15.8,Bus,Transport,Cash,20,INR,EXPENSE
01/02/24,29:10.5,Juice,Food & Drinks,Savings Bank,25,INR,EXPENSE
01/04/24,28:57.0,Auto,Transport,Cash,20,INR,EXPENSE
01/04/24,46:00.0,Shawarma 🌯,Food & Drinks,Savings Bank,130,INR,EXPENSE
01/07/24,36:47.1,Bike,Transport,Savings Bank,30,INR,EXPENSE
01/09/24,41:55.7,Auto,Transport,Cash,20,INR,EXPENSE
01/09/24,22:09.1,Rent,Bills & Fees,Savings Bank,"3,500.00",INR,EXPENSE
01/10/24,32:43.6,Juice,Food & Drinks,Savings Bank,75,INR,EXPENSE
01/11/24,33:00.0,Recharge,Bills & Fees,Savings Bank,0.9,INR,EXPENSE
01/11/24,08:57.8,Snack,Transport,Savings Bank,30,INR,EXPENSE
01/11/24,32:00.0,Snacks,Bills & Fees,Savings Bank,60,INR,EXPENSE
01/12/24,35:12.7,Auto,Transport,Cash,20,INR,EXPENSE
01/13/24,34:00.0,RtA,Transport,Savings Bank,35,INR,EXPENSE
01/14/24,34:00.0,Burger AM,Food & Drinks,Savings Bank,99,INR,EXPENSE
01/15/24,33:00.0,Breakfast,Food & Drinks,Savings Bank,30,INR,EXPENSE
01/16/24,32:00.0,Aloo bhujia,Food & Drinks,Savings Bank,10,INR,EXPENSE
01/16/24,38:04.5,Adjust balance,,Cash,16,INR,INCOME
01/16/24,36:59.6,Something,,Cash,5,INR,EXPENSE
01/17/24,36:32.6,Stonks,Bills & Fees,Savings Bank,400,INR,EXPENSE
01/19/24,53:59.6,Bus,Transport,Cash,10,INR,EXPENSE
01/19/24,53:57.7,AtR,Transport,Metro Card,35,INR,EXPENSE
01/19/24,00:50.5,AtR,Transport,Metro Card,35,INR,EXPENSE
01/19/24,53:00.0,Auto,Transport,Savings Bank,20,INR,EXPENSE
01/20/24,55:44.5,Sid PayUp,Bills & Fees,Savings Bank,200,INR,EXPENSE
01/22/24,14:56.3,Adjust balance,,Savings Bank,50.22,INR,EXPENSE
01/23/24,14:18.3,Adjust balance,,Cash,20,INR,EXPENSE
01/24/24,12:08.6,Sid PayUp,Bills & Fees,Savings Bank,200,INR,INCOME
01/25/24,11:43.7,RtA,Transport,Savings Bank,35,INR,EXPENSE
01/26/24,11:33.2,Recharge,,Savings Bank,0,INR,TRANSFER
01/26/24,50:35.8,Bus,Transport,Cash,20,INR,EXPENSE
01/26/24,14:26.7,Payup,Food & Drinks,Savings Bank,280,INR,EXPENSE
01/27/24,13:22.4,Scholarship,Bills & Fees,Savings Bank,40,INR,EXPENSE
01/28/24,06:54.5,Juice,Food & Drinks,Cash,25,INR,EXPENSE
01/30/24,14:00.0,Gala nyt,Bills & Fees,Savings Bank,600,INR,EXPENSE
02/01/24,13:00.0,Parking,Bills & Fees,Savings Bank,15,INR,EXPENSE
02/06/24,12:00.0,Stationary,Bills & Fees,Savings Bank,72,INR,EXPENSE
02/07/24,41:20.5,Auto,Transport,Cash,20,INR,EXPENSE
02/07/24,44:42.3,Bus,Transport,Cash,10,INR,EXPENSE
02/10/24,44:31.1,Auto,Transport,Cash,20,INR,EXPENSE
02/10/24,45:08.3,Snacks,Food & Drinks,Savings Bank,60,INR,EXPENSE
02/10/24,49:57.7,Auto,Transport,Cash,20,INR,EXPENSE
02/14/24,57:39.5,Auto,Transport,Cash,20,INR,EXPENSE
02/14/24,57:29.4,Snacks,Food & Drinks,Savings Bank,50,INR,EXPENSE
02/15/24,58:55.8,Auto,Transport,Savings Bank,20,INR,EXPENSE
02/16/24,58:47.8,Bus,Transport,Cash,10,INR,EXPENSE
02/17/24,09:11.9,Cake,Food & Drinks,Savings Bank,300,INR,EXPENSE
02/19/24,09:01.1,Party,Bills & Fees,Savings Bank,350,INR,EXPENSE
02/21/24,34:17.4,Breakfast,Food & Drinks,Savings Bank,30,INR,EXPENSE
02/21/24,53:02.5,Goje Payback,Bills & Fees,Savings Bank,30,INR,INCOME
02/21/24,52:52.8,Snacks,Food & Drinks,Savings Bank,100,INR,EXPENSE
02/22/24,52:35.0,Help,,Cash,0,INR,TRANSFER
02/23/24,07:45.8,Bus,Transport,Cash,10,INR,EXPENSE
02/23/24,07:44.9,Auto,Transport,Cash,20,INR,EXPENSE
02/24/24,03:08.4,Salary,Bills & Fees,Savings Bank,"3,130.00",INR,INCOME
02/24/24,47:55.7,Breakfast,Food & Drinks,Savings Bank,30,INR,EXPENSE
02/25/24,44:25.1,Auto,Transport,Savings Bank,20,INR,EXPENSE
02/27/24,44:18.3,Auto,Transport,Cash,20,INR,EXPENSE
02/27/24,19:52.0,Pizza,Food & Drinks,Salary Bank,190,INR,EXPENSE
02/27/24,34:31.7,Baba,Bills & Fees,Savings Bank,"1,000.00",INR,EXPENSE
02/28/24,05:25.7,Snacks,Food & Drinks,Salary Bank,35,INR,EXPENSE
02/29/24,27:14.0,Reward,Bills & Fees,Salary Bank,11,INR,INCOME
03/02/24,26:59.0,Breakfast,Food & Drinks,Salary Bank,30,INR,EXPENSE
03/03/24,50:27.9,Shirt,Bills & Fees,Salary Bank,160,INR,EXPENSE
03/05/24,49:47.6,Bus,Transport,Cash,30,INR,EXPENSE
03/05/24,49:32.5,Juice,Food & Drinks,Salary Bank,35,INR,EXPENSE
03/06/24,49:13.7,Withdraw,Bills & Fees,Salary Bank,0,INR,TRANSFER
03/06/24,48:52.9,Auto,Transport,Cash,20,INR,EXPENSE
03/06/24,14:02.3,Recharge,Bills & Fees,Salary Bank,155,INR,EXPENSE
03/07/24,13:48.0,Chotu,Bills & Fees,Salary Bank,500,INR,EXPENSE
03/07/24,09:12.8,Adjust balance,,Salary Bank,56,INR,EXPENSE
03/08/24,08:00.0,Snacks,Food & Drinks,Salary Bank,30,INR,EXPENSE
03/11/24,49:22.7,Shampoo,Bills & Fees,Cash,4,INR,EXPENSE
03/13/24,08:00.0,Petrol,Bills & Fees,Salary Bank,250,INR,EXPENSE
03/15/24,08:00.0,Stationary,Bills & Fees,Salary Bank,20,INR,EXPENSE
03/16/24,20:10.3,Ice cream,Food & Drinks,Salary Bank,20,INR,EXPENSE
03/18/24,19:41.6,Snacks,Food & Drinks,Salary Bank,60,INR,EXPENSE
03/26/24,21:43.1,Lunch,Food & Drinks,Salary Bank,70,INR,EXPENSE
03/27/24,21:34.6,Auto,Transport,Salary Bank,20,INR,EXPENSE
03/28/24,43:00.0,Bus,Transport,Cash,40,INR,EXPENSE
03/29/24,20:00.0,Auto,Transport,Salary Bank,20,INR,EXPENSE
03/30/24,20:00.0,Juice,Food & Drinks,Salary Bank,30,INR,EXPENSE
03/30/24,37:00.0,Printing,Bills & Fees,Salary Bank,555,INR,EXPENSE
04/03/24,48:28.7,Breakfast,Food & Drinks,Salary Bank,30,INR,EXPENSE
04/04/24,32:00.0,Recharge,Bills & Fees,Salary Bank,259,INR,EXPENSE
04/06/24,32:00.0,Internet,Bills & Fees,Salary Bank,470.82,INR,EXPENSE
04/07/24,25:00.0,Juice,Food & Drinks,Salary Bank,80,INR,EXPENSE
04/08/24,25:00.0,Snacks,Food & Drinks,Salary Bank,30,INR,EXPENSE
04/09/24,49:29.2,Savings,,Salary Bank,0,INR,TRANSFER
04/09/24,49:07.7,Netflix,Bills & Fees,Salary Bank,199,INR,EXPENSE
04/10/24,46:00.7,Baba,Bills & Fees,Salary Bank,"5,000.00",INR,EXPENSE
04/10/24,01:11.9,Adjust balance,,Salary Bank,30,INR,EXPENSE
04/11/24,00:51.2,Recharge,Bills & Fees,Salary Bank,155,INR,EXPENSE
04/13/24,00:00.4,Juice,Food & Drinks,Salary Bank,60,INR,EXPENSE
04/16/24,59:19.6,Recharge,Transport,Salary Bank,0,INR,TRANSFER
04/17/24,58:54.2,Withdraw,,Salary Bank,0,INR,TRANSFER
04/17/24,57:45.4,RtA,Transport,Cash,35,INR,EXPENSE
04/17/24,50:03.0,AtR,Transport,Metro Card,35,INR,EXPENSE
04/18/24,25:35.8,Water,Food & Drinks,Salary Bank,30,INR,EXPENSE
04/20/24,50:06.8,Salary,Bills & Fees,Salary Bank,"19,367.00",INR,INCOME
04/21/24,49:49.3,Bus,Transport,Cash,10,INR,EXPENSE
04/22/24,49:41.4,AtR,Transport,Salary Bank,35,INR,EXPENSE
04/23/24,49:29.6,RtA,Transport,Salary Bank,35,INR,EXPENSE
04/25/24,03:00.0,Juice,Food & Drinks,Salary Bank,90,INR,EXPENSE
04/26/24,43:47.7,Bus,Transport,Cash,10,INR,EXPENSE
04/26/24,43:40.1,RtA,Transport,Salary Bank,35,INR,EXPENSE
04/30/24,05:51.2,Adjust balance,,Cash,80,INR,EXPENSE
05/02/24,51:18.6,Bus,Transport,Cash,10,INR,EXPENSE
05/03/24,51:06.3,AtR,Transport,Salary Bank,35,INR,EXPENSE
05/04/24,27:48.9,Baba,Bills & Fees,Salary Bank,500,INR,EXPENSE
05/04/24,17:36.6,Breakfast,Food & Drinks,Salary Bank,30,INR,EXPENSE
05/05/24,17:00.0,🍰,Food & Drinks,Salary Bank,100,INR,EXPENSE
05/05/24,17:00.0,Milk,Bills & Fees,Salary Bank,40,INR,EXPENSE
05/14/24,16:00.0,Snacks,Food & Drinks,Salary Bank,90,INR,EXPENSE
05/15/24,15:00.0,Water,Food & Drinks,Salary Bank,60,INR,EXPENSE
05/17/24,07:00.0,Juice,Food & Drinks,Salary Bank,120,INR,EXPENSE
05/20/24,06:00.0,Water,Food & Drinks,Salary Bank,60,INR,EXPENSE
05/22/24,06:00.0,Lunch,Food & Drinks,Salary Bank,100,INR,EXPENSE
05/23/24,05:00.0,Sujith,Bills & Fees,Salary Bank,100,INR,INCOME
05/25/24,05:00.0,Priyanka,Bills & Fees,Salary Bank,300,INR,INCOME
05/26/24,04:00.0,Petrol,Transport,Salary Bank,100,INR,EXPENSE
05/27/24,04:00.0,Juice,Food & Drinks,Salary Bank,49,INR,EXPENSE
05/27/24,04:00.0,Chotu,Bills & Fees,Salary Bank,500,INR,EXPENSE
05/31/24,03:00.0,Snacks,Food & Drinks,Salary Bank,10,INR,EXPENSE
06/01/24,03:00.0,Drink,Food & Drinks,Salary Bank,49,INR,EXPENSE
06/02/24,03:00.0,Lunch,Food & Drinks,Salary Bank,120,INR,EXPENSE
06/02/24,02:00.0,Water,Food & Drinks,Salary Bank,60,INR,EXPENSE
06/03/24,18:00.0,Auto,Transport,Cash,20,INR,EXPENSE
06/04/24,17:00.0,Snacks,Food & Drinks,Savings Bank,145,INR,EXPENSE
06/06/24,17:00.0,Pants,Bills & Fees,Savings Bank,998,INR,EXPENSE
06/07/24,16:00.0,,,Savings Bank,2,INR,INCOME
06/09/24,44:22.3,Ice cream,Bills & Fees,Savings Bank,102,INR,EXPENSE
06/10/24,48:01.5,Pizza,Food & Drinks,Savings Bank,247,INR,EXPENSE
06/12/24,47:51.7,,,Savings Bank,2,INR,EXPENSE
06/13/24,00:00.0,Shirt,Bills & Fees,Savings Bank,999,INR,EXPENSE
06/13/24,00:00.0,Pant,Bills & Fees,Savings Bank,799,INR,EXPENSE
06/14/24,13:11.2,RtA,Transport,Savings Bank,35,INR,EXPENSE
06/15/24,34:00.0,UPI lite,Bills & Fees,Savings Bank,1,INR,EXPENSE
06/16/24,47:07.1,Bus Pass,Transport,Savings Bank,440,INR,EXPENSE
06/17/24,43:00.0,Baba,Bills & Fees,Savings Bank,"1,000.00",INR,EXPENSE
06/21/24,21:42.3,Withdraw,,Savings Bank,0,INR,TRANSFER
06/21/24,21:25.9,Snacks,Food & Drinks,Savings Bank,90,INR,EXPENSE
06/22/24,21:18.3,Exam,Bills & Fees,Savings Bank,400,INR,EXPENSE
06/23/24,20:10.1,Adjust balance,,Cash,40,INR,EXPENSE
06/23/24,19:20.9,Stonks,Bills & Fees,Savings Bank,4.45,INR,INCOME
06/23/24,15:18.5,Baba birthday,Bills & Fees,Savings Bank,839,INR,EXPENSE
06/23/24,49:08.6,Auto,Transport,Savings Bank,20,INR,EXPENSE
06/23/24,57:54.1,Baba,Bills & Fees,Savings Bank,"2,000.00",INR,EXPENSE
07/01/24,58:00.0,Petrol,Transport,Savings Bank,200,INR,EXPENSE
07/05/24,58:00.0,Book,Bills & Fees,Savings Bank,299,INR,EXPENSE
07/06/24,40:10.0,Netflix,Bills & Fees,Savings Bank,99,INR,EXPENSE
07/07/24,40:02.9,Snacks,Food & Drinks,Savings Bank,40,INR,EXPENSE
07/07/24,56:00.0,Petrol,Bills & Fees,Savings Bank,100,INR,EXPENSE
07/07/24,49:46.3,Chotu,Bills & Fees,Savings Bank,100,INR,EXPENSE
07/07/24,49:36.6,Gym,Bills & Fees,Savings Bank,"1,000.00",INR,EXPENSE
07/13/24,33:53.2,Milk,Bills & Fees,Savings Bank,88,INR,EXPENSE
07/13/24,33:38.1,Petrol,Transport,Savings Bank,100,INR,EXPENSE
07/16/24,29:10.3,Sid,Bills & Fees,Savings Bank,200,INR,EXPENSE
07/20/24,29:03.4,Baba,Bills & Fees,Savings Bank,"5,000.00",INR,EXPENSE
07/21/24,04:16.7,Snacks,Food & Drinks,Savings Bank,60,INR,EXPENSE
07/22/24,04:07.0,Chotu,Bills & Fees,Savings Bank,100,INR,INCOME
07/23/24,03:56.5,Petrol,Bills & Fees,Savings Bank,100,INR,EXPENSE
07/23/24,03:25.8,Salary,Bills & Fees,Savings Bank,"22,700.00",INR,INCOME
07/25/24,24:24.0,Baba,Bills & Fees,Savings Bank,100,INR,EXPENSE
07/26/24,24:15.5,Sid,Bills & Fees,Savings Bank,200,INR,INCOME
07/26/24,24:07.3,Oil,Bills & Fees,Savings Bank,100,INR,EXPENSE
07/26/24,23:00.0,Baba,Bills & Fees,Savings Bank,100,INR,INCOME
07/26/24,23:00.0,RtA,Transport,Savings Bank,35,INR,EXPENSE
07/27/24,38:05.9,Tire,Bills & Fees,Savings Bank,700,INR,EXPENSE
07/27/24,10:47.1,Adjust balance,,Cash,26,INR,INCOME
07/27/24,37:00.0,Petrol,Bills & Fees,Savings Bank,250,INR,EXPENSE
07/28/24,37:00.0,Noodles,Food & Drinks,Savings Bank,60,INR,EXPENSE
07/28/24,36:00.0,Xerox,Bills & Fees,Savings Bank,5,INR,EXPENSE
07/29/24,35:00.0,Xerox,Bills & Fees,Savings Bank,27,INR,EXPENSE
07/29/24,33:00.0,Snacks,Food & Drinks,Savings Bank,50,INR,EXPENSE
07/29/24,33:31.8,Snacks,Food & Drinks,Savings Bank,120,INR,EXPENSE
07/30/24,32:00.0,AtR,Transport,Savings Bank,35,INR,EXPENSE
07/30/24,47:05.7,Adjust Balance,,Savings Bank,1,INR,EXPENSE
08/01/24,46:24.2,License,Bills & Fees,Savings Bank,300,INR,EXPENSE
08/02/24,46:00.0,Snacks,Food & Drinks,Savings Bank,115,INR,EXPENSE
08/02/24,45:00.0,Grand original,Bills & Fees,Savings Bank,30,INR,EXPENSE
08/03/24,25:27.6,Shampoo,Bills & Fees,Savings Bank,4,INR,EXPENSE
08/03/24,25:14.1,Haircut,Bills & Fees,Savings Bank,150,INR,EXPENSE
08/08/24,26:59.4,Recharge,Bills & Fees,Savings Bank,259,INR,EXPENSE
08/09/24,48:40.4,Auto,Transport,Cash,20,INR,EXPENSE
08/11/24,10:38.8,Auto,Transport,Cash,20,INR,EXPENSE
08/14/24,07:00.0,Snacks,Food & Drinks,Savings Bank,111,INR,EXPENSE
08/14/24,46:00.0,Juice,Food & Drinks,Savings Bank,20,INR,EXPENSE
08/14/24,46:00.0,Shawarma 🌯,Food & Drinks,Savings Bank,130,INR,EXPENSE
08/15/24,36:47.1,Bike,Transport,Savings Bank,30,INR,EXPENSE
08/22/24,41:55.7,Auto,Transport,Cash,20,INR,EXPENSE
08/23/24,22:09.1,Rent,Bills & Fees,Savings Bank,"3,500.00",INR,EXPENSE
08/25/24,32:43.6,Juice,Food & Drinks,Savings Bank,75,INR,EXPENSE
08/25/24,33:00.0,Recharge,Bills & Fees,Savings Bank,0.9,INR,EXPENSE
08/25/24,08:57.8,Snack,Transport,Savings Bank,30,INR,EXPENSE
08/27/24,32:00.0,Snacks,Bills & Fees,Savings Bank,60,INR,EXPENSE
08/27/24,35:12.7,Auto,Transport,Cash,20,INR,EXPENSE
08/28/24,34:00.0,RtA,Transport,Savings Bank,35,INR,EXPENSE
08/28/24,17:13.8,AtR,Transport,Metro Card,35,INR,EXPENSE
08/28/24,17:10.5,Recharge,,Cash,0,INR,TRANSFER
08/30/24,40:59.7,Adjust balance,,Salary Bank,105,INR,EXPENSE
09/01/24,26:42.2,Bus,Transport,Cash,30,INR,EXPENSE
09/02/24,26:34.8,Juice,Food & Drinks,Salary Bank,10,INR,EXPENSE
09/05/24,26:28.6,Snacks,Food & Drinks,Salary Bank,80,INR,EXPENSE
09/05/24,26:21.2,Withdraw,,Salary Bank,0,INR,TRANSFER
09/05/24,26:06.8,RtA,Transport,Metro Card,35,INR,EXPENSE
09/05/24,54:04.0,Baba,Bills & Fees,Salary Bank,500,INR,EXPENSE
09/06/24,09:12.9,Recharge,Bills & Fees,Salary Bank,259,INR,EXPENSE
09/07/24,07:32.3,Maa,Bills & Fees,Salary Bank,"2,000.00",INR,INCOME
09/08/24,05:14.4,Stonks,Bills & Fees,Salary Bank,230,INR,EXPENSE
09/10/24,04:54.3,Petrol,Transport,Salary Bank,200,INR,EXPENSE
09/13/24,44:00.0,RtA,Transport,Metro Card,35,INR,EXPENSE
09/15/24,43:00.0,Snacks,Food & Drinks,Salary Bank,25,INR,EXPENSE
09/16/24,06:00.0,RtA,Transport,Metro Card,35,INR,EXPENSE
09/17/24,06:00.0,Shawarma 🌯,Food & Drinks,Salary Bank,260,INR,EXPENSE
09/17/24,05:26.4,Bus pass,Bills & Fees,Salary Bank,430,INR,EXPENSE
09/17/24,05:00.0,RtA,Transport,Metro Card,35,INR,EXPENSE
09/18/24,03:54.3,Adjust balance,,Cash,110,INR,EXPENSE
09/21/24,40:00.0,Snacks,Food & Drinks,Salary Bank,30,INR,EXPENSE
09/22/24,55:57.3,Rent,Bills & Fees,Salary Bank,"3,800.00",INR,EXPENSE
09/23/24,39:00.0,Juice,Food & Drinks,Salary Bank,40,INR,EXPENSE
09/24/24,39:00.0,Snacks,Food & Drinks,Salary Bank,20,INR,EXPENSE
09/25/24,04:00.0,RtA,Transport,Metro Card,35,INR,EXPENSE
09/26/24,55:00.0,Bike,Transport,Salary Bank,74,INR,EXPENSE
09/26/24,54:00.0,Snacks,Food & Drinks,Salary Bank,105,INR,EXPENSE
09/27/24,53:00.0,Snacks,Food & Drinks,Salary Bank,30,INR,EXPENSE
09/27/24,52:00.0,Bandages,Bills & Fees,Salary Bank,8,INR,EXPENSE
10/01/24,33:34.2,Baba,Bills & Fees,Salary Bank,"2,000.00",INR,EXPENSE
10/01/24,33:12.8,Doc,Bills & Fees,Salary Bank,60,INR,EXPENSE
10/02/24,33:00.1,Juice,Food & Drinks,Salary Bank,90,INR,EXPENSE
10/02/24,32:45.4,Shawarma 🌯,Food & Drinks,Salary Bank,150,INR,EXPENSE
10/03/24,32:28.1,Breakfast,Food & Drinks,Salary Bank,30,INR,EXPENSE
10/04/24,31:00.0,Jalebi,Food & Drinks,Salary Bank,30,INR,EXPENSE
10/04/24,30:00.0,,Bills & Fees,Salary Bank,9,INR,EXPENSE
10/07/24,29:43.5,Baba,Bills & Fees,Salary Bank,"1,000.00",INR,EXPENSE
10/08/24,30:00.0,Juice,Food & Drinks,Salary Bank,10,INR,EXPENSE
10/09/24,29:00.0,Petrol,Transport,Salary Bank,200,INR,EXPENSE
10/10/24,13:57.6,Snacks,Food & Drinks,Salary Bank,10,INR,EXPENSE
10/10/24,12:13.0,Breakfast,Food & Drinks,Salary Bank,30,INR,EXPENSE
10/11/24,36:57.9,Snacks,Food & Drinks,Salary Bank,60,INR,EXPENSE
10/12/24,45:37.9,RtA,Transport,Cash,35,INR,EXPENSE
10/15/24,45:26.1,,,Cash,20,INR,EXPENSE
10/17/24,21:42.3,Adjust balance,,Cash,25,INR,EXPENSE
10/17/24,20:46.6,AtR,Transport,Metro Card,35,INR,EXPENSE
10/18/24,20:39.7,Bus,Transport,Cash,10,INR,EXPENSE
10/19/24,20:28.0,Withdraw,,Salary Bank,0,INR,TRANSFER
10/19/24,20:07.8,Recharge,,Salary Bank,0,INR,TRANSFER
10/21/24,21:26.5,RtA,Transport,Metro Card,35,INR,EXPENSE
10/21/24,21:20.2,Snacks,Food & Drinks,Cash,10,INR,EXPENSE
10/21/24,37:05.8,AtR,Transport,Metro Card,35,INR,EXPENSE
10/23/24,36:57.6,RB 🐂,Food & Drinks,Salary Bank,125,INR,EXPENSE
10/24/24,26:03.5,Baba,Bills & Fees,Salary Bank,"1,000.00",INR,EXPENSE
10/28/24,31:33.8,Netflix,Bills & Fees,Salary Bank,99,INR,EXPENSE
11/01/24,31:15.1,,,Savings Bank,5.53,INR,INCOME
11/02/24,53:13.0,AtR,Transport,Metro Card,35,INR,EXPENSE
11/03/24,53:04.0,Bus,Transport,Cash,10,INR,EXPENSE
11/03/24,31:00.0,RtA,Transport,Metro Card,35,INR,EXPENSE
11/11/24,01:34.9,Snacks,Food & Drinks,Salary Bank,20,INR,EXPENSE
11/11/24,01:24.7,Snacks,Food & Drinks,Salary Bank,25,INR,EXPENSE
11/12/24,01:04.2,RtA,Transport,Cash,35,INR,EXPENSE
11/13/24,29:40.7,AtR,Transport,Metro Card,35,INR,EXPENSE
11/13/24,29:28.9,Baba,Bills & Fees,Cash,80,INR,EXPENSE
11/13/24,41:54.3,Recharge,,Salary Bank,0,INR,TRANSFER
11/13/24,41:00.0,Snacks,Food & Drinks,Salary Bank,60,INR,EXPENSE
11/14/24,40:00.0,Laptop fixes,Bills & Fees,Salary Bank,150,INR,EXPENSE
11/14/24,40:00.0,Juice,Food & Drinks,Salary Bank,100,INR,EXPENSE
11/16/24,40:00.0,Snacks,Food & Drinks,Salary Bank,150,INR,EXPENSE
11/17/24,40:00.0,Cab,Bills & Fees,Salary Bank,419,INR,EXPENSE
11/17/24,39:00.0,Can,Bills & Fees,Salary Bank,476,INR,EXPENSE
11/17/24,39:00.0,Dinner,Bills & Fees,Salary Bank,"2,154.00",INR,EXPENSE
11/17/24,34:01.3,Gym,Bills & Fees,Salary Bank,"1,000.00",INR,EXPENSE
11/18/24,58:00.0,Snacks,Food & Drinks,Salary Bank,60,INR,EXPENSE
11/18/24,54:00.0,AtR,Transport,Metro Card,35,INR,EXPENSE
11/19/24,54:00.0,RtA,Transport,Metro Card,35,INR,EXPENSE
11/20/24,28:51.3,Baba,Bills & Fees,Salary Bank,"5,000.00",INR,EXPENSE
11/20/24,02:30.8,Fancode,Bills & Fees,Salary Bank,599,INR,EXPENSE
11/22/24,16:17.3,Snacks,Food & Drinks,Salary Bank,60,INR,EXPENSE
11/23/24,16:04.8,Salary,,Salary Bank,"22,700.00",INR,INCOME
11/24/24,36:14.8,Adjust balance,,Savings Bank,45.02,INR,EXPENSE
11/24/24,24:37.3,Adjust balance,,Savings Bank,0,INR,INCOME
11/24/24,59:46.4,Petrol,Transport,Savings Bank,100,INR,EXPENSE
11/25/24,06:26.6,Baba,Bills & Fees,Cash,100,INR,EXPENSE
11/25/24,06:19.6,Maa,Bills & Fees,Cash,150,INR,EXPENSE
11/25/24,41:21.3,Bus,Transport,Cash,10,INR,EXPENSE
11/26/24,06:47.6,RtA,Transport,Metro Card,35,INR,EXPENSE
11/29/24,06:40.4,Snacks,Food & Drinks,Savings Bank,60,INR,EXPENSE
11/30/24,15:17.5,AtR,Transport,Cash,35,INR,EXPENSE
12/02/24,36:25.9,Adjust balance,,Cash,15,INR,EXPENSE
12/05/24,14:39.2,Bus,Transport,Cash,10,INR,EXPENSE
12/06/24,14:24.4,RtA,Transport,Metro Card,35,INR,EXPENSE
12/09/24,01:20.7,Shawarma 🌯,Food & Drinks,Savings Bank,140,INR,EXPENSE
12/11/24,11:35.1,Bus,Transport,Cash,10,INR,EXPENSE
12/12/24,11:24.9,Snacks,Food & Drinks,Savings Bank,35,INR,EXPENSE
12/12/24,23:28.6,AtR,Transport,Metro Card,35,INR,EXPENSE
12/15/24,11:00.1,Withdraw,,Savings Bank,0,INR,TRANSFER
12/16/24,25:00.9,Bus,Transport,Cash,10,INR,EXPENSE
12/19/24,24:51.6,Snacks,Food & Drinks,Savings Bank,60,INR,EXPENSE
12/19/24,17:57.5,Recharge,,Savings Bank,0,INR,TRANSFER
12/21/24,18:30.9,Adjust balance,,Savings Bank,940,INR,INCOME
12/23/24,15:19.2,Adjust balance,,Cash,10,INR,EXPENSE
12/28/24,29:25.5,Bus,Transport,Cash,10,INR,EXPENSE
12/28/24,36:00.0,AtR,Transport,Metro Card,35,INR,EXPENSE
12/28/24,35:00.0,RtA,Transport,Metro Card,35,INR,EXPENSE
12/29/24,29:28.2,Baba,Bills & Fees,Cash,200,INR,EXPENSE
12/29/24,29:21.5,Maa,Bills & Fees,Cash,50,INR,EXPENSE
